0,0,0.101423,350.000000 
1,0,0.038973,250.000000 
2,1,0.075943,3.000000 
1,2,0.019367,250.000000 
1,2,0.003377,12.000000 
1,2,0.032752,350.000000 
0,0,0.168235,3.000000 
2,1,0.031772,250.000000 
2,1,0.243339,12.000000 
2,1,0.135271,12.000000 
1,2,0.018788,250.000000 
1,2,0.003605,350.000000 
2,1,0.032034,3.000000 
0,0,0.021239,12.000000 
0,0,0.017749,1000.000000 
1,2,0.013577,3.000000 
2,1,0.152389,250.000000 
0,0,0.055701,250.000000 
1,2,0.013959,10032.000000 
0,0,0.050347,3.000000 
1,2,0.000880,250.000000 
2,1,0.014161,250.000000 
2,0,0.131080,250.000000 
2,1,0.006125,3.000000 
2,1,0.041458,350.000000 
1,2,0.036935,3.000000 
0,1,0.064566,12.000000 
2,1,0.089636,75.000000 
1,2,0.005398,1000.000000 
2,1,0.140202,1000.000000 
2,1,0.034207,250.000000 
2,1,0.057123,6326.000000 
1,2,0.035263,3.000000 
0,0,0.119992,1000.000000 
2,1,0.130354,250.000000 
1,2,0.047837,3.000000 
2,1,0.004506,250.000000 
2,1,0.038346,1000.000000 
2,1,0.149703,350.000000 
1,2,0.013055,350.000000 
1,2,0.103826,3.000000 
2,1,0.018665,350.000000 
2,1,0.023138,250.000000 
2,1,0.016051,24094.000000 
2,1,0.005907,3.000000 
0,1,0.059156,12.000000 
2,1,0.033347,250.000000 
2,1,0.008363,12.000000 
1,2,0.008628,3.000000 
1,2,0.043926,250.000000 
2,1,0.037973,10.000000 
1,2,0.086207,3.000000 
1,2,0.027961,350.000000 
1,2,0.170481,250.000000 
1,2,0.034810,1000.000000 
1,2,0.014498,250.000000 
1,2,0.005785,250.000000 
2,1,0.008596,3.000000 
2,1,0.077382,250.000000 
0,0,0.101847,3.000000 
2,1,0.064624,3.000000 
1,2,0.044059,3.000000 
1,2,0.017137,1000.000000 
1,2,0.071374,3.000000 
2,1,0.057358,350.000000 
1,2,0.021381,3.000000 
1,2,0.019184,12.000000 
0,1,0.047373,75.000000 
2,1,0.095685,250.000000 
0,1,0.008387,250.000000 
1,2,0.002281,250.000000 
1,2,0.095476,6326.000000 
1,2,0.044731,3.000000 
2,1,0.028555,3.000000 
1,2,0.035819,75.000000 
1,2,0.001984,3.000000 
2,1,0.080533,10.000000 
0,0,0.023160,3.000000 
2,1,0.021443,250.000000 
2,1,0.010965,3.000000 
2,1,0.037072,12.000000 
1,0,0.079666,3.000000 
0,0,0.005175,12.000000 
2,1,0.097589,1000.000000 
2,1,0.044542,3.000000 
2,1,0.006072,3.000000 
2,1,0.090947,3.000000 
2,1,0.050346,3.000000 
2,1,0.100084,350.000000 
2,1,0.039339,12.000000 
1,2,0.039670,350.000000 
1,2,0.003539,250.000000 
1,2,0.076798,250.000000 
1,2,0.004775,3.000000 
2,0,0.007491,75.000000 
2,1,0.034065,250.000000 
1,2,0.010071,350.000000 
2,1,0.038583,1000.000000 
1,2,0.022885,12.000000 
1,2,0.009637,250.000000 
1,2,0.017676,6326.000000 
1,2,0.002333,350.000000 
1,2,0.062012,250.000000 
1,2,0.033234,3.000000 
1,2,0.044091,250.000000 
2,0,0.006587,75.000000 
2,1,0.015753,350.000000 
0,0,0.016729,350.000000 
1,2,0.017369,250.000000 
1,2,0.197923,350.000000 
2,1,0.032219,75.000000 
2,1,0.136519,250.000000 
2,0,0.035775,250.000000 
2,1,0.019133,3.000000 
2,1,0.004352,350.000000 
2,1,0.005826,250.000000 
1,2,0.098594,75.000000 
1,2,0.000535,3.000000 
2,1,0.040369,10.000000 
1,0,0.033212,350.000000 
0,1,0.041080,75.000000 
1,2,0.010743,12.000000 
0,0,0.077672,23009.000000 
1,2,0.093669,250.000000 
0,0,0.024197,3.000000 
2,1,0.351836,350.000000 
2,1,0.015918,10.000000 
1,2,0.043647,250.000000 
1,2,0.019242,3.000000 
1,2,0.008931,250.000000 
2,1,0.009394,3.000000 
2,1,0.125212,350.000000 
1,2,0.023136,3.000000 
2,1,0.077195,3.000000 
1,2,0.047232,1000.000000 
1,2,0.002694,12.000000 
1,2,0.065612,250.000000 
1,2,0.062933,350.000000 
2,0,0.012176,12.000000 
2,1,0.063265,3.000000 
2,0,0.224076,3.000000 
2,1,0.000845,3.000000 
2,0,0.009939,3.000000 
1,2,0.046047,250.000000 
2,1,0.086614,350.000000 
1,2,0.092343,6326.000000 
1,0,0.067901,3.000000 
2,0,0.114317,3.000000 
1,2,0.022729,250.000000 
1,2,0.011485,250.000000 
1,2,0.014188,250.000000 
2,1,0.022830,3.000000 
1,0,0.025690,3.000000 
1,2,0.057163,250.000000 
1,2,0.107093,350.000000 
2,1,0.032111,250.000000 
1,0,0.026552,12.000000 
2,1,0.017621,3.000000 
2,1,0.091104,75.000000 
2,1,0.007528,350.000000 
1,2,0.029274,250.000000 
1,2,0.057599,3.000000 
1,2,0.031881,10.000000 
1,2,0.026541,250.000000 
0,0,0.042100,3.000000 
2,1,0.049682,12.000000 
1,2,0.040275,75.000000 
1,0,0.047359,3.000000 
2,1,0.127384,12.000000 
1,2,0.068536,250.000000 
1,0,0.019561,250.000000 
2,1,0.015831,250.000000 
0,1,0.002842,75.000000 
1,2,0.003085,12.000000 
0,1,0.038779,250.000000 
1,2,0.020673,12.000000 
1,2,0.025074,6326.000000 
1,0,0.094725,250.000000 
2,1,0.053382,250.000000 
1,2,0.032427,350.000000 
1,2,0.210150,3.000000 
1,2,0.022082,250.000000 
2,1,0.004286,3.000000 
2,1,0.001518,3.000000 
2,1,0.008482,250.000000 
1,2,0.039290,350.000000 
2,1,0.190646,3.000000 
2,1,0.017340,250.000000 
1,2,0.041432,250.000000 
2,1,0.014270,10032.000000 
1,2,0.018143,3.000000 
1,2,0.014127,3.000000 
2,0,0.272996,75.000000 
2,1,0.126338,3.000000 
2,1,0.005085,350.000000 
1,2,0.014606,12.000000 
2,1,0.253030,250.000000 
2,1,0.032843,3.000000 
1,2,0.030438,12.000000 
2,1,0.076664,12.000000 
2,1,0.023351,250.000000 
2,1,0.017172,250.000000 
2,1,0.063597,350.000000 
2,1,0.049455,250.000000 
2,1,0.058532,3.000000 
1,2,0.113266,250.000000 
1,2,0.012688,3.000000 
1,2,0.144768,3.000000 
1,0,0.091544,250.000000 
1,2,0.060697,3.000000 
2,0,0.036928,75.000000 
2,1,0.032697,75.000000 
1,2,0.094752,10.000000 
2,1,0.009095,250.000000 
2,1,0.027428,250.000000 
2,1,0.055255,3.000000 
2,1,0.000660,250.000000 
2,1,0.320125,350.000000 
2,1,0.176414,12.000000 
0,0,0.035703,250.000000 
2,1,0.015126,250.000000 
1,2,0.031156,3.000000 
1,2,0.104979,2515.000000 
0,0,0.083492,12.000000 
2,1,0.024378,250.000000 
1,2,0.103600,250.000000 
2,1,0.002353,12.000000 
2,1,0.008831,2515.000000 
1,2,0.067544,3.000000 
2,1,0.042861,350.000000 
2,1,0.005384,3.000000 
2,1,0.013681,250.000000 
2,0,0.039720,3.000000 
1,0,0.020361,3.000000 
1,2,0.078137,3.000000 
2,1,0.030168,3.000000 
1,2,0.086871,250.000000 
1,2,0.041977,3.000000 
1,2,0.018741,12.000000 
1,2,0.008944,3.000000 
2,1,0.001351,3.000000 
1,2,0.126066,75.000000 
1,2,0.013105,1000.000000 
2,1,0.069284,12.000000 
1,2,0.013126,75.000000 
1,2,0.014434,250.000000 
2,1,0.019161,350.000000 
1,2,0.165704,3.000000 
2,1,0.075329,250.000000 
2,1,0.021338,250.000000 
0,0,0.049515,3.000000 
0,0,0.072688,250.000000 
2,1,0.089810,250.000000 
2,1,0.091705,3.000000 
1,2,0.020625,3.000000 
1,2,0.002609,75.000000 
2,1,0.023818,1000.000000 
2,1,0.201024,250.000000 
1,2,0.016295,75.000000 
2,1,0.146222,75.000000 
2,1,0.032776,350.000000 
2,1,0.136395,75.000000 
0,1,0.001154,75.000000 
0,1,0.055576,75.000000 
2,1,0.014835,3.000000 
2,1,0.088194,12.000000 
1,2,0.003108,1000.000000 
1,2,0.068333,3.000000 
0,1,0.104435,250.000000 
1,2,0.091603,250.000000 
2,1,0.112602,350.000000 
2,1,0.049907,12.000000 
1,2,0.055855,250.000000 
1,2,0.027515,350.000000 
2,1,0.013837,350.000000 
1,2,0.017849,12.000000 
2,1,0.003348,250.000000 
2,1,0.050794,250.000000 
1,2,0.039365,12.000000 
1,2,0.071264,3.000000 
1,2,0.043187,75.000000 
0,0,0.061934,3.000000 
1,2,0.076535,350.000000 
2,1,0.031986,250.000000 
1,2,0.007330,3.000000 
2,1,0.017014,3.000000 
1,0,0.048009,3.000000 
1,2,0.038852,3.000000 
2,0,0.011448,75.000000 
1,2,0.286783,3.000000 
2,1,0.020422,12.000000 
1,2,0.083879,1000.000000 
2,1,0.100481,350.000000 
1,2,0.002773,3.000000 
1,2,0.025044,3.000000 
1,0,0.052851,10.000000 
1,2,0.033701,350.000000 
2,1,0.009056,250.000000 
2,1,0.055519,350.000000 
2,1,0.022962,3.000000 
2,1,0.159199,3.000000 
2,1,0.013259,3.000000 
2,1,0.032763,1000.000000 
2,1,0.075589,3.000000 
0,0,0.120960,250.000000 
2,0,0.017374,75.000000 
1,2,0.067013,250.000000 
1,2,0.048595,3.000000 
2,1,0.072920,12.000000 
1,0,0.037805,350.000000 
2,1,0.001151,75.000000 
1,2,0.168714,250.000000 
2,0,0.172669,350.000000 
2,0,0.026247,350.000000 
1,2,0.055497,3.000000 
2,1,0.031132,12.000000 
1,0,0.045369,6326.000000 
1,2,0.001683,350.000000 
1,2,0.007106,10.000000 
2,1,0.095395,23009.000000 
2,1,0.022352,75.000000 
2,0,0.003526,250.000000 
2,1,0.010203,250.000000 
1,2,0.027860,3.000000 
1,0,0.002815,350.000000 
1,2,0.093083,3.000000 
1,2,0.053412,3.000000 
2,0,0.116891,250.000000 
1,2,0.189923,250.000000 
1,2,0.007723,250.000000 
1,2,0.019687,250.000000 
1,2,0.017944,3.000000 
1,2,0.082517,250.000000 
1,2,0.053084,3.000000 
1,2,0.098053,1000.000000 
1,2,0.075331,12.000000 
1,2,0.026720,3.000000 
0,1,0.181834,250.000000 
1,2,0.013568,250.000000 
1,2,0.127987,250.000000 
2,1,0.003871,1000.000000 
2,1,0.042147,250.000000 
1,2,0.009241,1000.000000 
2,1,0.025405,250.000000 
2,1,0.032760,75.000000 
2,1,0.091187,2515.000000 
1,2,0.027725,3.000000 
2,1,0.031609,250.000000 
1,2,0.020245,3.000000 
1,2,0.030007,250.000000 
1,2,0.020176,75.000000 
2,1,0.027967,250.000000 
1,2,0.040900,3.000000 
2,1,0.034430,250.000000 
2,1,0.172641,3.000000 
1,2,0.032498,12.000000 
2,1,0.167535,3.000000 
1,2,0.111662,12.000000 
1,2,0.029726,250.000000 
1,2,0.024624,1000.000000 
2,1,0.012937,250.000000 
0,0,0.036007,250.000000 
1,2,0.018049,12.000000 
2,1,0.035990,75.000000 
2,0,0.017093,250.000000 
2,1,0.064251,250.000000 
1,2,0.063630,250.000000 
2,1,0.031698,1000.000000 
1,2,0.072323,12.000000 
2,1,0.025752,350.000000 
2,1,0.004155,250.000000 
1,2,0.009851,250.000000 
2,1,0.073425,3.000000 
0,0,0.005295,3.000000 
1,2,0.021423,3.000000 
2,1,0.003310,3.000000 
2,1,0.007613,3.000000 
1,2,0.002437,250.000000 
2,0,0.104799,12.000000 
2,1,0.017658,12.000000 
2,1,0.111402,350.000000 
2,1,0.115196,75.000000 
1,2,0.053272,10.000000 
2,1,0.013879,12.000000 
1,2,0.055318,3.000000 
0,0,0.027828,75.000000 
1,2,0.079855,3.000000 
0,1,0.001299,350.000000 
1,2,0.035480,12.000000 
2,1,0.010851,3.000000 
2,1,0.091761,3.000000 
2,1,0.095106,75.000000 
1,2,0.048299,350.000000 
0,0,0.042885,12.000000 
2,0,0.021440,10.000000 
1,2,0.140552,350.000000 
0,0,0.005398,1000.000000 
2,0,0.005200,350.000000 
1,2,0.088364,250.000000 
1,2,0.173041,350.000000 
1,2,0.032484,350.000000 
2,1,0.064151,350.000000 
2,1,0.026648,12.000000 
2,1,0.010419,250.000000 
1,2,0.003101,12.000000 
1,2,0.027248,250.000000 
2,1,0.006347,12.000000 
1,2,0.083155,250.000000 
2,1,0.016500,350.000000 
1,2,0.130955,250.000000 
0,0,0.006445,12.000000 
1,0,0.120479,3.000000 
1,2,0.043758,3.000000 
2,1,0.019675,250.000000 
1,2,0.010348,350.000000 
0,0,0.013110,250.000000 
0,1,0.005462,350.000000 
1,2,0.036029,3.000000 
2,1,0.048711,12.000000 
1,2,0.018729,3.000000 
0,0,0.128313,3.000000 
1,2,0.036945,250.000000 
1,2,0.071770,12.000000 
1,2,0.001221,250.000000 
1,2,0.019195,1000.000000 
1,2,0.050750,350.000000 
1,2,0.011516,12.000000 
2,1,0.130516,75.000000 
2,1,0.036297,75.000000 
2,0,0.034692,250.000000 
2,1,0.003476,10.000000 
1,2,0.096140,3.000000 
0,0,0.126086,2515.000000 
2,1,0.044803,3.000000 
1,2,0.001877,350.000000 
0,0,0.080954,3.000000 
2,1,0.081404,12.000000 
0,0,0.027610,75.000000 
1,2,0.026750,12.000000 
1,2,0.049956,12.000000 
2,0,0.025530,12.000000 
2,1,0.095262,250.000000 
2,1,0.000230,250.000000 
1,2,0.045473,350.000000 
0,0,0.009951,350.000000 
1,0,0.049142,3.000000 
2,1,0.036722,250.000000 
1,2,0.021809,250.000000 
1,2,0.011218,12.000000 
2,1,0.051407,12.000000 
2,1,0.054785,250.000000 
1,0,0.096586,10.000000 
2,0,0.020259,350.000000 
2,1,0.057807,3.000000 
1,2,0.025354,3.000000 
2,1,0.004124,12.000000 
2,1,0.033031,12.000000 
1,2,0.066565,10.000000 
1,2,0.009097,3.000000 
1,2,0.022736,3.000000 
2,1,0.039039,12.000000 
2,1,0.092936,350.000000 
1,2,0.020325,3.000000 
2,1,0.011478,250.000000 
2,1,0.062126,12.000000 
1,2,0.056876,250.000000 
1,2,0.016484,350.000000 
2,1,0.073073,75.000000 
1,0,0.049261,3.000000 
1,2,0.130286,3.000000 
1,0,0.028442,350.000000 
2,0,0.043072,350.000000 
0,0,0.061372,3.000000 
1,2,0.051427,1000.000000 
2,0,0.026431,12.000000 
1,2,0.038495,250.000000 
0,1,0.002858,12.000000 
2,1,0.149307,75.000000 
1,2,0.025882,250.000000 
2,1,0.007299,3.000000 
1,0,0.112890,250.000000 
2,1,0.009113,250.000000 
0,0,0.020882,6326.000000 
0,1,0.198387,1000.000000 
1,2,0.081820,2515.000000 
2,1,0.032402,3.000000 
2,1,0.016439,250.000000 
1,2,0.008892,350.000000 
1,2,0.020784,250.000000 
2,1,0.022078,12.000000 
1,2,0.031286,250.000000 
2,1,0.056439,350.000000 
2,1,0.040780,1000.000000 
2,1,0.064247,1000.000000 
2,1,0.107178,12.000000 
0,0,0.008934,1000.000000 
1,2,0.054991,250.000000 
1,2,0.031185,350.000000 
2,0,0.003634,250.000000 
2,1,0.070688,1000.000000 
2,1,0.025815,3.000000 
1,2,0.069924,350.000000 
1,2,0.081437,3.000000 
1,2,0.008957,250.000000 
2,1,0.023641,350.000000 
1,2,0.019901,12.000000 
2,1,0.006889,250.000000 
1,2,0.107878,3.000000 
0,0,0.019573,250.000000 
2,1,0.039423,250.000000 
1,0,0.171682,12.000000 
2,1,0.007828,12.000000 
1,2,0.020668,250.000000 
2,1,0.140704,250.000000 
2,1,0.063739,75.000000 
0,0,0.086744,3.000000 
2,0,0.005421,10032.000000 
2,1,0.026030,3.000000 
1,2,0.018486,75.000000 
0,0,0.028164,350.000000 
1,2,0.041678,250.000000 
1,2,0.079688,75.000000 
2,1,0.065016,1000.000000 
0,0,0.070468,1000.000000 
1,2,0.037017,3.000000 
2,1,0.001966,350.000000 
1,2,0.076299,3.000000 
1,2,0.012265,3.000000 
1,2,0.002038,250.000000 
2,1,0.027809,3.000000 
1,2,0.102381,350.000000 
1,2,0.034472,250.000000 
1,2,0.034154,250.000000 
2,1,0.106685,1000.000000 
2,1,0.020106,3.000000 
1,2,0.047504,12.000000 
0,1,0.009250,3.000000 
1,0,0.104598,250.000000 
1,2,0.021687,3.000000 
1,2,0.008203,3.000000 
1,2,0.112423,3.000000 
1,0,0.050948,350.000000 
2,1,0.016480,250.000000 
1,2,0.027153,12.000000 
1,2,0.092526,10.000000 
1,2,0.088860,3.000000 
2,1,0.019923,12.000000 
2,0,0.006023,250.000000 
2,1,0.053669,12.000000 
2,1,0.017860,350.000000 
2,1,0.011661,350.000000 
2,1,0.063253,3.000000 
1,2,0.088609,250.000000 
2,1,0.130739,23009.000000 
2,1,0.014373,3.000000 
1,2,0.090212,12.000000 
1,2,0.012861,3.000000 
1,2,0.041744,3.000000 
1,2,0.003665,3.000000 
1,2,0.066159,75.000000 
0,1,0.011610,3.000000 
1,2,0.077109,10.000000 
1,2,0.048297,3.000000 
1,2,0.003708,350.000000 
1,0,0.024180,250.000000 
1,2,0.051594,1000.000000 
2,1,0.081000,3.000000 
1,2,0.011714,250.000000 
2,1,0.200176,250.000000 
2,1,0.108346,350.000000 
1,2,0.021184,12.000000 
2,1,0.048063,3.000000 
1,2,0.055238,3.000000 
1,2,0.004476,350.000000 
0,1,0.046640,250.000000 
1,2,0.009223,350.000000 
1,2,0.102162,12.000000 
2,1,0.002984,12.000000 
1,2,0.052198,3.000000 
0,0,0.027940,350.000000 
1,2,0.008468,75.000000 
2,1,0.010086,250.000000 
1,2,0.041577,12.000000 
1,2,0.052612,10.000000 
2,1,0.004217,250.000000 
1,0,0.014747,3.000000 
2,1,0.012653,3.000000 
2,1,0.024546,350.000000 
1,2,0.057821,250.000000 
2,1,0.103605,12.000000 
0,0,0.100760,3.000000 
1,2,0.103561,3.000000 
1,2,0.014349,3.000000 
1,2,0.038945,1000.000000 
2,1,0.072477,3.000000 
2,1,0.018994,3.000000 
2,1,0.007877,3.000000 
1,2,0.105940,350.000000 
2,1,0.002871,3.000000 
2,1,0.140452,350.000000 
0,0,0.097886,350.000000 
0,0,0.074033,12.000000 
1,2,0.025608,250.000000 
2,1,0.146192,6326.000000 
0,0,0.010394,12.000000 
1,2,0.172354,3.000000 
2,1,0.001293,350.000000 
1,2,0.019943,350.000000 
1,2,0.071729,250.000000 
0,1,0.026406,3.000000 
2,1,0.073973,3.000000 
2,1,0.040169,12.000000 
1,2,0.003467,3.000000 
1,2,0.033325,12.000000 
2,1,0.007570,350.000000 
1,2,0.024758,12.000000 
1,2,0.023580,250.000000 
1,2,0.021973,3.000000 
1,2,0.182482,6326.000000 
1,2,0.078571,250.000000 
2,1,0.028962,12.000000 
2,1,0.105726,75.000000 
1,2,0.099128,250.000000 
0,0,0.030569,75.000000 
1,2,0.006018,3.000000 
0,0,0.050724,3.000000 
2,1,0.060330,350.000000 
2,0,0.004551,350.000000 
2,1,0.001508,350.000000 
1,2,0.011290,350.000000 
1,2,0.040068,250.000000 
1,2,0.018269,350.000000 
1,2,0.037942,3.000000 
1,2,0.045621,1000.000000 
2,1,0.038049,12.000000 
2,1,0.032928,3.000000 
2,1,0.005309,6326.000000 
2,1,0.099391,75.000000 
1,2,0.018616,3.000000 
1,2,0.044668,250.000000 
2,1,0.173279,10.000000 
2,1,0.082345,350.000000 
1,2,0.064573,250.000000 
2,1,0.044748,350.000000 
2,1,0.016266,250.000000 
2,1,0.022869,350.000000 
1,2,0.409874,250.000000 
2,0,0.053004,75.000000 
1,2,0.035443,250.000000 
2,1,0.057199,350.000000 
2,1,0.099024,12.000000 
1,2,0.047478,350.000000 
0,0,0.144000,75.000000 
1,2,0.013359,10.000000 
1,0,0.001941,1000000.000000 
0,1,0.000045,250.000000 
1,2,0.052522,350.000000 
0,0,0.080722,250.000000 
2,0,0.030548,3.000000 
2,1,0.080069,250.000000 
1,2,0.033300,250.000000 
2,1,0.024877,6326.000000 
2,1,0.011254,250.000000 
2,1,0.095978,3.000000 
0,0,0.032334,3.000000 
1,2,0.027963,12.000000 
2,1,0.019378,3.000000 
1,2,0.008442,350.000000 
0,0,0.055120,3.000000 
1,0,0.014781,250.000000 
2,1,0.045468,250.000000 
1,2,0.029399,75.000000 
1,2,0.024347,1000.000000 
2,0,0.024394,3.000000 
1,2,0.161366,250.000000 
0,0,0.053430,3.000000 
2,1,0.088190,250.000000 
2,1,0.042919,250.000000 
2,1,0.015710,12.000000 
0,1,0.050305,12.000000 
2,0,0.122319,250.000000 
2,1,0.043594,3.000000 
2,1,0.056156,250.000000 
1,2,0.028637,350.000000 
1,2,0.031569,2515.000000 
2,1,0.140470,75.000000 
2,1,0.110304,10032.000000 
2,0,0.029936,250.000000 
2,1,0.103085,75.000000 
1,2,0.141218,75.000000 
1,2,0.004279,12.000000 
1,2,0.007628,23009.000000 
2,1,0.029955,3.000000 
2,0,0.008343,3.000000 
1,2,0.020448,250.000000 
1,2,0.001359,75.000000 
2,1,0.091834,3.000000 
2,1,0.063057,2515.000000 
1,0,0.025712,350.000000 
2,0,0.138322,1000.000000 
2,1,0.002597,75.000000 
2,1,0.063251,75.000000 
1,2,0.042103,350.000000 
2,0,0.080815,12.000000 
2,0,0.013775,350.000000 
1,2,0.019820,250.000000 
1,2,0.019036,10.000000 
1,2,0.089046,250.000000 
2,1,0.004118,3.000000 
0,0,0.278396,3.000000 
0,0,0.086256,3.000000 
1,2,0.020153,250.000000 
1,2,0.032939,12.000000 
0,0,0.038075,12.000000 
1,2,0.118413,350.000000 
1,0,0.040470,3.000000 
1,2,0.021382,1000.000000 
2,0,0.006258,250.000000 
2,0,0.079503,3.000000 
2,1,0.206526,3.000000 
2,1,0.110782,12.000000 
2,1,0.028890,1000.000000 
1,2,0.070224,3.000000 
1,2,0.175261,350.000000 
2,1,0.006032,1000.000000 
2,1,0.030129,3.000000 
1,2,0.035970,350.000000 
1,2,0.003274,250.000000 
1,2,0.029991,75.000000 
2,1,0.014162,12.000000 
1,2,0.087880,250.000000 
1,2,0.048323,350.000000 
2,1,0.001676,3.000000 
1,2,0.059968,75.000000 
2,1,0.005801,350.000000 
1,2,0.069244,250.000000 
2,1,0.008744,12.000000 
1,2,0.017232,12.000000 
1,2,0.032094,250.000000 
2,0,0.119553,12.000000 
2,1,0.012287,3.000000 
2,1,0.058906,3.000000 
2,1,0.013944,250.000000 
2,1,0.021898,12.000000 
1,2,0.093465,3.000000 
1,2,0.039351,250.000000 
1,0,0.090876,1000.000000 
2,1,0.044695,3.000000 
1,2,0.089403,250.000000 
2,1,0.000734,3.000000 
0,0,0.054895,10.000000 
2,1,0.051877,3.000000 
1,2,0.056637,12.000000 
2,1,0.022207,250.000000 
1,2,0.163928,12.000000 
2,1,0.127415,250.000000 
1,2,0.035553,10.000000 
1,0,0.068774,12.000000 
1,2,0.020881,12.000000 
2,1,0.319916,2515.000000 
1,2,0.114696,10.000000 
1,0,0.002275,12.000000 
2,1,0.089967,6326.000000 
1,0,0.107518,3.000000 
1,2,0.001991,350.000000 
1,2,0.075618,3.000000 
1,2,0.068410,12.000000 
2,1,0.070732,10.000000 
1,2,0.029962,350.000000 
1,2,0.008029,250.000000 
0,0,0.029205,350.000000 
2,0,0.005157,350.000000 
1,2,0.013742,3.000000 
1,2,0.000086,3.000000 
1,0,0.049036,10.000000 
2,1,0.014684,10032.000000 
2,1,0.013308,12.000000 
1,2,0.022184,75.000000 
1,2,0.113910,3.000000 
2,1,0.007346,250.000000 
1,2,0.003576,350.000000 
1,2,0.061693,250.000000 
0,0,0.001245,250.000000 
1,2,0.009276,3.000000 
1,2,0.083136,2515.000000 
1,2,0.013380,350.000000 
2,1,0.171574,250.000000 
1,2,0.048983,2515.000000 
1,2,0.082215,3.000000 
2,1,0.025796,350.000000 
1,2,0.029939,3.000000 
0,0,0.012617,350.000000 
2,1,0.017237,3.000000 
2,1,0.006190,3.000000 
2,1,0.000268,3.000000 
2,1,0.034680,250.000000 
2,1,0.014489,1000.000000 
1,2,0.018574,1000.000000 
2,0,0.088238,350.000000 
0,0,0.063146,75.000000 
2,1,0.004669,250.000000 
1,2,0.045901,3.000000 
2,1,0.005130,3.000000 
1,2,0.030041,12.000000 
2,1,0.066751,350.000000 
2,0,0.072231,250.000000 
1,2,0.054591,250.000000 
2,1,0.039606,250.000000 
1,2,0.020240,3.000000 
2,1,0.009971,12.000000 
1,2,0.030643,2515.000000 
2,0,0.014632,350.000000 
2,1,0.013808,75.000000 
2,1,0.044978,3.000000 
1,2,0.017671,3.000000 
1,2,0.020687,12.000000 
2,1,0.064297,12.000000 
2,1,0.059955,250.000000 
2,1,0.002339,350.000000 
0,1,0.005140,3.000000 
2,1,0.001305,3.000000 
2,1,0.044585,3.000000 
1,2,0.011405,3.000000 
0,1,0.025374,1000.000000 
1,2,0.110397,250.000000 
1,2,0.130838,250.000000 
0,1,0.047936,75.000000 
2,1,0.046961,12.000000 
2,0,0.029071,1000.000000 
2,1,0.017903,250.000000 
2,1,0.224847,10.000000 
2,1,0.047417,250.000000 
2,1,0.028485,250.000000 
2,1,0.065729,3.000000 
2,1,0.091125,12.000000 
1,2,0.010640,3.000000 
1,0,0.082599,12.000000 
1,2,0.021681,250.000000 
1,2,0.130964,75.000000 
2,1,0.048517,3.000000 
1,0,0.035336,3.000000 
0,1,0.076567,12.000000 
1,0,0.052046,10032.000000 
1,2,0.005706,12.000000 
2,1,0.041146,350.000000 
1,2,0.000900,10.000000 
1,2,0.027527,250.000000 
2,1,0.097160,250.000000 
2,1,0.034674,250.000000 
2,1,0.124689,3.000000 
2,1,0.087744,12.000000 
1,2,0.049092,3.000000 
2,1,0.090186,350.000000 
2,1,0.070238,350.000000 
1,2,0.011713,1000.000000 
0,1,0.069166,10.000000 
1,2,0.029909,250.000000 
1,2,0.033151,75.000000 
1,2,0.052225,350.000000 
1,2,0.044311,3.000000 
2,1,0.004404,1000.000000 
2,1,0.028226,23009.000000 
1,2,0.045749,250.000000 
1,2,0.010762,12.000000 
1,0,0.156856,250.000000 
0,1,0.101973,250.000000 
2,1,0.001563,250.000000 
1,2,0.078701,250.000000 
1,2,0.009275,10.000000 
2,1,0.059198,2515.000000 
2,1,0.000760,250.000000 
1,2,0.055000,250.000000 
1,0,0.124812,350.000000 
1,2,0.019161,250.000000 
1,2,0.079444,3.000000 
2,0,0.090414,10.000000 
1,2,0.081110,350.000000 
2,0,0.006858,350.000000 
1,2,0.119985,3.000000 
1,2,0.069913,350.000000 
1,2,0.032979,12.000000 
2,0,0.007079,12.000000 
1,2,0.025817,350.000000 
1,2,0.000668,1000.000000 
2,1,0.009752,350.000000 
2,1,0.018812,350.000000 
2,1,0.023261,350.000000 
1,2,0.046234,250.000000 
2,1,0.043369,350.000000 
2,1,0.036932,250.000000 
2,1,0.010313,250.000000 
1,2,0.061074,250.000000 
0,0,0.037294,350.000000 
1,2,0.042287,3.000000 
2,1,0.038390,3.000000 
2,1,0.020923,3.000000 
2,1,0.028785,250.000000 
2,1,0.020202,250.000000 
1,2,0.021350,6326.000000 
1,2,0.063703,350.000000 
1,2,0.263132,3.000000 
1,2,0.141344,1000.000000 
2,1,0.076935,350.000000 
1,0,0.068588,10.000000 
1,2,0.015180,10.000000 
2,1,0.037413,1000.000000 
2,1,0.004003,350.000000 
1,2,0.069184,350.000000 
1,0,0.018996,75.000000 
2,1,0.037336,3.000000 
0,0,0.034022,350.000000 
2,1,0.009012,1000.000000 
1,2,0.001363,1000.000000 
1,2,0.095290,3.000000 
1,2,0.046255,350.000000 
1,2,0.013028,350.000000 
1,2,0.039430,12.000000 
2,1,0.022603,250.000000 
1,0,0.014920,350.000000 
2,1,0.065073,350.000000 
0,0,0.085627,3.000000 
1,2,0.011931,10032.000000 
1,2,0.128032,12.000000 
1,2,0.008651,250.000000 
2,1,0.002839,12.000000 
2,1,0.002778,350.000000 
0,0,0.048752,3.000000 
2,1,0.009395,3.000000 
2,0,0.073789,3.000000 
1,2,0.007458,3.000000 
1,2,0.002320,350.000000 
1,2,0.007020,250.000000 
1,2,0.014377,23009.000000 
2,1,0.043679,3.000000 
2,1,0.045353,3.000000 
1,2,0.050798,3.000000 
1,2,0.079500,12.000000 
1,2,0.009705,350.000000 
0,0,0.001738,350.000000 
0,1,0.043753,350.000000 
1,2,0.016082,75.000000 
2,0,0.043962,250.000000 
2,1,0.025262,250.000000 
1,2,0.000632,250.000000 
2,1,0.273608,250.000000 
1,2,0.101943,350.000000 
1,2,0.019443,12.000000 
1,2,0.072020,75.000000 
2,1,0.019228,3.000000 
2,0,0.096210,250.000000 
1,2,0.025643,250.000000 
1,2,0.130379,350.000000 
2,1,0.079736,3.000000 
2,1,0.015558,350.000000 
1,2,0.002134,250.000000 
0,0,0.015023,3.000000 
1,2,0.076752,3.000000 
2,0,0.008768,350.000000 
2,1,0.076020,12.000000 
2,1,0.065337,250.000000 
1,0,0.008966,3.000000 
1,0,0.023675,250.000000 
2,1,0.039074,3.000000 
2,1,0.016063,3.000000 
2,0,0.044235,250.000000 
2,1,0.114013,250.000000 
2,1,0.041532,3.000000 
0,0,0.070842,12.000000 
2,1,0.022956,12.000000 
1,2,0.030381,350.000000 
2,1,0.126953,350.000000 
1,2,0.151553,3.000000 
1,2,0.037716,350.000000 
2,1,0.054169,12.000000 
2,0,0.007903,350.000000 
2,1,0.063905,350.000000 
2,1,0.017596,350.000000 
2,1,0.006941,12.000000 
2,1,0.085193,250.000000 
2,1,0.031656,12.000000 
1,2,0.016059,2515.000000 
1,2,0.072339,3.000000 
2,1,0.071828,350.000000 
1,2,0.009782,12.000000 
2,1,0.007085,250.000000 
1,2,0.162648,350.000000 
2,1,0.035901,2515.000000 
1,2,0.051746,250.000000 
2,1,0.090077,350.000000 
1,0,0.058506,250.000000 
1,2,0.094732,10.000000 
2,1,0.004897,3.000000 
2,1,0.026237,1000.000000 
1,2,0.009357,250.000000 
1,2,0.077714,3.000000 
1,2,0.027054,250.000000 
2,1,0.093198,3.000000 
2,1,0.058960,250.000000 
2,1,0.049901,3.000000 
1,2,0.167662,350.000000 
2,1,0.136494,3.000000 
2,0,0.013030,12.000000 
1,0,0.059722,12.000000 
1,2,0.001665,250.000000 
2,1,0.017989,12.000000 
1,2,0.093401,250.000000 
1,2,0.028506,250.000000 
2,1,0.018627,350.000000 
2,1,0.038953,250.000000 
2,1,0.091071,12.000000 
2,1,0.219256,75.000000 
2,1,0.010815,1000.000000 
1,2,0.028680,250.000000 
2,1,0.027613,6326.000000 
2,1,0.015842,3.000000 
1,0,0.033586,75.000000 
0,0,0.037246,250.000000 
2,1,0.026792,3.000000 
2,1,0.016036,250.000000 
1,2,0.053183,250.000000 
2,0,0.170628,1000.000000 
0,0,0.013882,250.000000 
1,2,0.044685,75.000000 
2,1,0.090844,250.000000 
1,2,0.168095,250.000000 
2,1,0.088092,3.000000 
2,0,0.002721,250.000000 
0,0,0.009917,10.000000 
2,1,0.055035,250.000000 
1,2,0.009014,12.000000 
1,2,0.040891,12.000000 
1,2,0.141472,12.000000 
0,1,0.021981,250.000000 
2,1,0.078298,250.000000 
2,1,0.018637,250.000000 
2,0,0.050117,250.000000 
0,0,0.104485,12.000000 
2,1,0.010337,3.000000 
1,2,0.030758,3.000000 
2,0,0.015538,250.000000 
2,1,0.029921,250.000000 
1,2,0.017349,250.000000 
2,1,0.016359,2515.000000 
1,2,0.017457,1000.000000 
1,2,0.048091,250.000000 
1,2,0.084544,75.000000 
2,1,0.059513,250.000000 
1,2,0.017817,350.000000 
2,1,0.035641,350.000000 
1,2,0.085952,75.000000 
1,0,0.072619,3.000000 
2,1,0.031962,350.000000 
2,1,0.054098,75.000000 
1,2,0.019681,3.000000 
0,0,0.025814,12.000000 
2,1,0.009866,12.000000 
0,0,0.147947,350.000000 
2,1,0.098777,1000.000000 
2,1,0.007771,350.000000 
2,0,0.190268,2515.000000 
1,0,0.064443,250.000000 
1,0,0.115544,350.000000 
2,1,0.012284,3.000000 
1,2,0.011321,250.000000 
2,1,0.203062,250.000000 
1,2,0.023354,3.000000 
1,2,0.058240,250.000000 
1,0,0.056875,250.000000 
2,1,0.010272,250.000000 
2,1,0.015255,250.000000 
1,2,0.102106,350.000000 
1,2,0.057573,3.000000 
1,2,0.113121,250.000000 
2,1,0.006176,3.000000 
1,2,0.024215,3.000000 
1,0,0.006493,3.000000 
2,1,0.048781,250.000000 
2,1,0.010921,12.000000 
1,2,0.021703,350.000000 
2,1,0.138177,6326.000000 
0,0,0.026221,1000.000000 
1,0,0.055239,350.000000 
1,2,0.069175,75.000000 
1,2,0.091988,350.000000 
2,1,0.016790,3.000000 
2,1,0.131567,350.000000 
2,1,0.084133,3.000000 
2,0,0.071804,250.000000 
1,2,0.082316,250.000000 
1,2,0.053298,3.000000 
1,2,0.057441,3.000000 
1,2,0.001003,3.000000 
1,2,0.020611,3.000000 
2,1,0.003688,3.000000 
1,2,0.012025,10.000000 
2,1,0.021444,12.000000 
2,0,0.085419,250.000000 
1,2,0.067898,250.000000 
1,2,0.185880,10.000000 
2,1,0.036312,1000.000000 
2,1,0.001643,250.000000 
2,1,0.006081,12.000000 
2,1,0.007004,3.000000 
1,2,0.082554,10.000000 
1,2,0.074412,250.000000 
1,2,0.010048,3.000000 
1,2,0.030467,3.000000 
0,1,0.084898,250.000000 
2,1,0.005622,75.000000 
2,1,0.063742,3.000000 
1,0,0.052239,3.000000 
1,2,0.018320,3.000000 
1,2,0.157144,12.000000 
2,1,0.070525,10.000000 
1,2,0.028047,12.000000 
1,2,0.052335,350.000000 
0,0,0.062018,1000.000000 
2,1,0.056856,250.000000 
1,0,0.020591,350.000000 
1,2,0.003418,250.000000 
1,2,0.011470,350.000000 
2,1,0.058960,250.000000 
1,2,0.056520,3.000000 
1,2,0.141356,250.000000 
1,2,0.081737,12.000000 
1,2,0.033094,12.000000 
1,2,0.030512,6326.000000 
2,1,0.024521,3.000000 
2,1,0.000944,250.000000 
2,1,0.022063,250.000000 
2,0,0.082694,10.000000 
1,2,0.088106,75.000000 
2,1,0.003694,3.000000 
1,2,0.046142,350.000000 
1,0,0.081504,350.000000 
2,1,0.011074,350.000000 
2,1,0.009663,12.000000 
0,0,0.028025,250.000000 
2,1,0.123705,350.000000 
1,0,0.110753,12.000000 
2,1,0.014778,12.000000 
2,1,0.020799,250.000000 
1,2,0.033981,350.000000 
1,2,0.086924,75.000000 
1,2,0.065837,12.000000 
1,2,0.039414,1000.000000 
0,0,0.002098,75.000000 
2,1,0.087379,250.000000 
2,1,0.033103,1000.000000 
1,2,0.025824,12.000000 
2,1,0.014843,6326.000000 
2,1,0.053082,12.000000 
2,1,0.001889,350.000000 
1,0,0.115355,3.000000 
1,2,0.112972,350.000000 
2,1,0.011519,350.000000 
1,2,0.048366,12.000000 
1,2,0.098364,3.000000 
0,1,0.116721,3.000000 
2,0,0.105597,250.000000 
2,1,0.016894,3.000000 
2,1,0.027273,1000.000000 
1,2,0.026581,250.000000 
2,1,0.000234,250.000000 
2,1,0.136952,3.000000 
1,2,0.048926,3.000000 
1,2,0.071678,350.000000 
1,2,0.000863,3.000000 
1,2,0.100453,3.000000 
2,1,0.022184,250.000000 
2,1,0.021106,250.000000 
2,1,0.052334,1000.000000 
1,2,0.006429,3.000000 
2,1,0.088133,350.000000 
1,2,0.036343,1000.000000 
2,1,0.117166,250.000000 
2,1,0.104750,12.000000 
1,2,0.105826,12.000000 
2,1,0.100462,250.000000 
1,0,0.043186,250.000000 
1,2,0.067771,75.000000 
1,0,0.028112,350.000000 
1,2,0.083811,3.000000 
1,0,0.093418,250.000000 
1,2,0.025490,75.000000 
2,1,0.116568,3.000000 
0,1,0.053458,350.000000 
1,2,0.004331,12.000000 
2,1,0.003559,3.000000 
1,2,0.070232,12.000000 
1,2,0.011155,3.000000 
2,1,0.026657,250.000000 
0,1,0.010422,250.000000 
2,1,0.033040,350.000000 
1,2,0.020862,250.000000 
1,0,0.047926,350.000000 
2,1,0.081879,3.000000 
2,1,0.029025,250.000000 
0,0,0.017708,250.000000 
0,0,0.066593,350.000000 
2,1,0.107077,12.000000 
1,0,0.148624,3.000000 
2,1,0.152613,3.000000 
1,2,0.011535,12.000000 
1,2,0.063628,350.000000 
2,0,0.074987,3.000000 
2,1,0.033850,3.000000 
0,0,0.060326,10.000000 
2,1,0.110236,250.000000 
2,1,0.095981,6326.000000 
1,2,0.009777,1000.000000 
0,0,0.018728,10.000000 
1,0,0.074331,250.000000 
2,1,0.090688,3.000000 
2,1,0.017905,3.000000 
2,1,0.124840,3.000000 
2,1,0.103115,3.000000 
1,2,0.072596,350.000000 
2,1,0.007675,10.000000 
2,0,0.049899,75.000000 
1,2,0.080201,250.000000 
1,2,0.018578,3.000000 
0,0,0.013484,3.000000 
1,2,0.216596,350.000000 
1,2,0.072281,250.000000 
2,1,0.084583,3.000000 
0,0,0.006580,250.000000 
1,2,0.145664,250.000000 
1,2,0.003257,1000.000000 
2,1,0.006081,12.000000 
2,1,0.056672,250.000000 
2,1,0.086983,2515.000000 
1,2,0.090788,250.000000 
2,1,0.000716,3.000000 
2,1,0.022003,250.000000 
2,1,0.003181,3.000000 
1,2,0.012569,3.000000 
0,0,0.040729,75.000000 
2,1,0.101429,75.000000 
1,2,0.053818,12.000000 
2,1,0.050213,250.000000 
2,0,0.016055,1000.000000 
1,2,0.012862,3.000000 
1,0,0.007191,250.000000 
1,2,0.043322,12.000000 
1,0,0.021138,250.000000 
2,0,0.023586,12.000000 
1,2,0.037413,1000.000000 
1,2,0.013082,350.000000 
2,1,0.066638,350.000000 
0,1,0.121567,250.000000 
1,2,0.028447,1000.000000 
1,0,0.059745,3.000000 
1,2,0.097725,75.000000 
2,1,0.016450,3.000000 
2,1,0.014236,250.000000 
2,1,0.137029,250.000000 
2,1,0.018473,75.000000 
2,1,0.000197,350.000000 
2,1,0.027079,350.000000 
2,1,0.184906,10.000000 
1,2,0.038141,1000.000000 
2,1,0.044073,3.000000 
2,1,0.077275,12.000000 
2,1,0.009010,250.000000 
1,2,0.084269,250.000000 
1,2,0.010078,3.000000 
1,2,0.038053,350.000000 
2,1,0.046514,12.000000 
1,2,0.056068,10.000000 
1,2,0.004670,10.000000 
1,2,0.033591,250.000000 
1,2,0.094615,3.000000 
2,1,0.002982,6326.000000 
2,1,0.034341,1000.000000 
1,0,0.035640,3.000000 
1,2,0.064419,25000.000000 
2,1,0.005068,3.000000 
1,2,0.152683,3.000000 
1,2,0.005143,3.000000 
2,1,0.031273,1000.000000 
0,0,0.059186,10.000000 
1,2,0.050185,3.000000 
1,2,0.002017,75.000000 
2,1,0.020813,75.000000 
1,2,0.026920,1000.000000 
2,1,0.032990,250.000000 
1,2,0.049455,250.000000 
2,1,0.030949,12.000000 
2,1,0.155754,350.000000 
2,0,0.114914,1000.000000 
2,1,0.027213,250.000000 
2,1,0.022181,3.000000 
0,0,0.010154,3.000000 
2,1,0.022767,250.000000 
1,2,0.089211,12.000000 
1,2,0.014797,250.000000 
1,2,0.020022,3.000000 
1,2,0.015074,250.000000 
1,2,0.003546,3.000000 
2,1,0.139729,250.000000 
1,0,0.050684,2515.000000 
1,2,0.086918,350.000000 
1,2,0.066468,1000.000000 
2,1,0.028625,3.000000 
0,0,0.036620,10032.000000 
1,2,0.017871,3.000000 
2,1,0.010328,75.000000 
1,2,0.309869,3.000000 
2,1,0.132543,12.000000 
2,1,0.599019,3.000000 
2,1,0.001395,12.000000 
2,1,0.025861,1000.000000 
1,2,0.057789,3.000000 
2,1,0.010931,250.000000 
1,2,0.074007,12.000000 
2,0,0.066081,75.000000 
1,2,0.079895,12.000000 
1,2,0.021863,6326.000000 
1,2,0.026654,3.000000 
2,0,0.042298,250.000000 
1,2,0.077178,3.000000 
2,1,0.002382,3.000000 
2,1,0.051975,75.000000 
2,1,0.100661,250.000000 
2,1,0.075561,3.000000 
2,0,0.099454,250.000000 
1,2,0.019100,250.000000 
1,0,0.016443,350.000000 
1,2,0.067450,12.000000 
1,2,0.000143,3.000000 
2,0,0.081316,3.000000 
1,2,0.092858,350.000000 
2,1,0.139647,3.000000 
0,1,0.023973,250.000000 
2,1,0.052224,1000.000000 
2,1,0.051273,75.000000 
1,2,0.096056,3.000000 
1,0,0.032611,250.000000 
2,1,0.007368,10.000000 
2,1,0.002376,3.000000 
1,2,0.007537,3.000000 
2,0,0.004867,3.000000 
2,0,0.002550,3.000000 
1,2,0.005166,3.000000 
2,1,0.050044,250.000000 
2,1,0.204486,12.000000 
2,1,0.055813,10.000000 
1,2,0.026977,350.000000 
0,0,0.003624,1000.000000 
2,1,0.006826,3.000000 
1,2,0.004360,250.000000 
0,0,0.007860,3.000000 
1,2,0.099670,250.000000 
2,1,0.096949,250.000000 
1,2,0.023284,350.000000 
2,0,0.007161,3.000000 
2,1,0.024638,3.000000 
1,2,0.031945,1000.000000 
1,2,0.050097,1000.000000 
1,2,0.029897,1000.000000 
0,1,0.060851,250.000000 
2,0,0.027445,75.000000 
1,2,0.083796,3.000000 
1,0,0.012983,250.000000 
1,2,0.030030,12.000000 
2,1,0.182655,75.000000 
2,0,0.013489,2515.000000 
2,1,0.036178,350.000000 
1,2,0.012143,3.000000 
2,1,0.176618,12.000000 
0,0,0.007651,12.000000 
1,2,0.015725,250.000000 
1,0,0.055065,12.000000 
2,1,0.071400,3.000000 
2,0,0.010413,12.000000 
2,1,0.114297,1000.000000 
1,0,0.081827,250.000000 
1,2,0.073022,250.000000 
0,0,0.079459,3.000000 
1,2,0.135849,250.000000 
2,1,0.000951,250.000000 
1,2,0.031988,12.000000 
2,1,0.050444,12.000000 
2,1,0.064251,250.000000 
2,0,0.039728,10032.000000 
1,0,0.035037,350.000000 
2,1,0.003474,350.000000 
1,2,0.040398,3.000000 
2,1,0.065403,250.000000 
2,1,0.094779,1000.000000 
2,1,0.007174,250.000000 
1,2,0.003280,350.000000 
1,2,0.004245,1000.000000 
1,0,0.167609,12.000000 
1,2,0.087953,3.000000 
2,1,0.062854,10.000000 
2,0,0.030466,3.000000 
2,1,0.311441,3.000000 
0,0,0.172635,3.000000 
2,1,0.024322,3.000000 
2,1,0.094498,3.000000 
1,2,0.024655,250.000000 
1,2,0.048083,250.000000 
1,2,0.039606,250.000000 
1,2,0.015739,10.000000 
2,1,0.097506,350.000000 
1,2,0.111600,250.000000 
1,2,0.001603,250.000000 
2,1,0.101268,250.000000 
2,1,0.102772,1000.000000 
2,1,0.005677,3.000000 
2,1,0.024967,250.000000 
2,1,0.162429,250.000000 
1,2,0.072864,350.000000 
1,2,0.089407,10.000000 
2,1,0.134182,3.000000 
2,1,0.036202,350.000000 
1,2,0.019044,75.000000 
0,0,0.097829,250.000000 
1,2,0.004859,12.000000 
1,2,0.073369,75.000000 
1,2,0.069565,350.000000 
2,1,0.075899,10.000000 
2,1,0.021312,3.000000 
1,2,0.074428,10.000000 
1,2,0.119651,12.000000 
1,2,0.242007,350.000000 
1,2,0.007437,3.000000 
0,1,0.018464,75.000000 
2,1,0.067805,250.000000 
1,2,0.002714,3.000000 
1,2,0.063419,250.000000 
2,1,0.080700,3.000000 
2,1,0.005164,350.000000 
2,1,0.024672,3.000000 
2,1,0.009448,3.000000 
1,2,0.196545,350.000000 
1,2,0.005809,250.000000 
0,0,0.022154,3.000000 
1,2,0.007199,3.000000 
1,0,0.118116,3.000000 
1,2,0.007467,75.000000 
2,0,0.032828,250.000000 
2,1,0.036105,350.000000 
1,2,0.260247,3.000000 
0,0,0.089683,350.000000 
0,0,0.029568,350.000000 
2,1,0.001242,250.000000 
2,1,0.018541,250.000000 
2,1,0.018583,3.000000 
2,0,0.065255,3.000000 
1,2,0.043269,10032.000000 
1,2,0.072554,3.000000 
2,1,0.043196,3.000000 
2,1,0.114022,12.000000 
2,0,0.042111,250.000000 
2,0,0.038671,10.000000 
1,2,0.022899,12.000000 
2,1,0.013862,75.000000 
1,2,0.043066,250.000000 
1,2,0.028441,3.000000 
1,2,0.041871,75.000000 
1,2,0.025287,250.000000 
2,1,0.037205,2515.000000 
2,1,0.073180,3.000000 
0,0,0.033198,12.000000 
1,2,0.001070,10032.000000 
1,2,0.042721,350.000000 
2,1,0.020038,250.000000 
2,1,0.081238,10.000000 
1,2,0.012277,1000.000000 
2,1,0.081804,3.000000 
2,1,0.096381,10.000000 
1,2,0.015674,12.000000 
2,1,0.035883,6326.000000 
1,2,0.013409,75.000000 
1,2,0.178559,250.000000 
1,2,0.021013,3.000000 
0,1,0.110486,3.000000 
1,2,0.012537,250.000000 
2,1,0.040595,250.000000 
1,2,0.093494,250.000000 
1,2,0.026045,3.000000 
1,2,0.009019,1000.000000 
2,1,0.025356,250.000000 
2,1,0.080581,3.000000 
2,1,0.035887,12.000000 
1,2,0.017821,350.000000 
1,2,0.044693,3.000000 
1,2,0.005235,3.000000 
1,2,0.087190,350.000000 
1,2,0.003958,350.000000 
1,2,0.029089,250.000000 
2,1,0.036048,3.000000 
1,2,0.031503,350.000000 
0,0,0.026086,1000.000000 
1,2,0.092173,3.000000 
2,0,0.016527,250.000000 
2,1,0.044950,3.000000 
1,0,0.225441,3.000000 
1,2,0.141789,3.000000 
1,2,0.001158,12.000000 
1,2,0.071191,3.000000 
1,2,0.050861,12.000000 
1,2,0.009878,1000.000000 
1,2,0.057822,250.000000 
2,1,0.054863,350.000000 
2,1,0.021874,250.000000 
0,0,0.049764,3.000000 
1,2,0.093799,1000.000000 
0,1,0.153307,3.000000 
2,0,0.024891,3.000000 
1,2,0.028304,3.000000 
1,2,0.043764,3.000000 
1,2,0.022846,350.000000 
1,2,0.018102,3.000000 
2,1,0.070181,250.000000 
1,2,0.009232,75.000000 
0,0,0.021859,1000.000000 
2,1,0.015769,1000.000000 
1,0,0.054697,250.000000 
1,2,0.001778,1000.000000 
2,1,0.026213,250.000000 
1,2,0.180960,75.000000 
1,2,0.029547,250.000000 
2,1,0.061859,12.000000 
1,0,0.034908,75.000000 
0,0,0.059835,1000.000000 
2,1,0.245739,10.000000 
2,1,0.014164,6326.000000 
1,2,0.042357,3.000000 
1,0,0.258853,350.000000 
1,2,0.039620,75.000000 
1,2,0.041149,12.000000 
1,2,0.019801,3.000000 
1,2,0.029711,10.000000 
2,0,0.044894,350.000000 
2,1,0.035093,250.000000 
2,1,0.061044,250.000000 
2,1,0.007336,12.000000 
2,0,0.054834,3.000000 
2,1,0.007176,6326.000000 
2,1,0.110296,3.000000 
2,1,0.211705,250.000000 
2,1,0.006941,250.000000 
1,2,0.118542,350.000000 
2,1,0.004736,2515.000000 
1,2,0.013863,3.000000 
1,2,0.008164,3.000000 
1,2,0.000228,250.000000 
2,1,0.052992,350.000000 
2,1,0.073252,250.000000 
2,1,0.029949,10.000000 
1,2,0.120765,250.000000 
2,1,0.080785,12.000000 
1,2,0.003643,3.000000 
1,0,0.035186,3.000000 
1,2,0.050712,250.000000 
2,1,0.014024,12.000000 
1,2,0.019242,3.000000 
2,1,0.040700,1000.000000 
2,1,0.029638,1000.000000 
1,2,0.016361,250.000000 
2,1,0.017863,3.000000 
2,1,0.012123,3.000000 
2,0,0.007624,3.000000 
2,1,0.011780,3.000000 
0,0,0.038668,350.000000 
1,2,0.034187,3.000000 
2,1,0.033498,250.000000 
2,1,0.203804,10.000000 
2,1,0.041743,3.000000 
0,0,0.003261,1000.000000 
1,2,0.012492,12.000000 
1,2,0.035228,3.000000 
2,1,0.126061,250.000000 
1,2,0.002827,3.000000 
1,2,0.017278,12.000000 
2,0,0.033756,12.000000 
2,1,0.126896,3.000000 
2,0,0.050095,3.000000 
0,1,0.049422,350.000000 
2,1,0.087434,75.000000 
2,1,0.117183,3.000000 
2,1,0.002300,3.000000 
0,0,0.047199,3.000000 
2,1,0.024633,6326.000000 
0,1,0.081158,250.000000 
2,1,0.039471,3.000000 
1,2,0.050113,3.000000 
1,2,0.013569,12.000000 
2,1,0.116371,75.000000 
2,1,0.018406,1000.000000 
2,1,0.075610,250.000000 
2,1,0.086613,1000.000000 
2,1,0.010462,350.000000 
1,2,0.070091,3.000000 
2,1,0.028297,75.000000 
1,2,0.066450,250.000000 
1,2,0.040319,350.000000 
2,1,0.146952,12.000000 
2,1,0.004509,250.000000 
1,2,0.023047,3.000000 
1,2,0.001226,3.000000 
2,1,0.052000,250.000000 
1,2,0.008250,75.000000 
2,0,0.001983,75.000000 
1,2,0.007642,3.000000 
1,2,0.007091,350.000000 
2,1,0.250954,3.000000 
1,2,0.052004,3.000000 
2,1,0.023352,250.000000 
1,2,0.014781,250.000000 
1,2,0.067932,250.000000 
1,2,0.036152,3.000000 
2,1,0.097280,350.000000 
2,1,0.035489,1000.000000 
0,0,0.060950,350.000000 
2,1,0.001626,3.000000 
1,2,0.027954,3.000000 
1,2,0.016502,75.000000 
2,1,0.012735,350.000000 
2,1,0.015627,250.000000 
2,1,0.044479,350.000000 
2,1,0.010334,350.000000 
1,2,0.032276,12.000000 
1,2,0.026628,75.000000 
1,2,0.015307,250.000000 
2,1,0.065202,1000.000000 
1,2,0.014965,250.000000 
2,1,0.042724,12.000000 
1,2,0.008449,3.000000 
1,2,0.108816,350.000000 
1,2,0.018949,12.000000 
1,2,0.062297,350.000000 
2,1,0.069482,250.000000 
2,1,0.020655,12.000000 
2,1,0.198122,250.000000 
2,1,0.036470,12.000000 
0,0,0.103957,250.000000 
2,1,0.045218,12.000000 
0,0,0.036467,350.000000 
1,2,0.054917,350.000000 
1,2,0.149688,3.000000 
2,1,0.045779,250.000000 
0,0,0.024771,350.000000 
2,1,0.042383,12.000000 
2,1,0.042568,350.000000 
1,0,0.115464,75.000000 
2,0,0.037115,75.000000 
0,1,0.028195,3.000000 
2,0,0.125410,12.000000 
1,2,0.048320,3.000000 
1,2,0.022620,1000.000000 
1,2,0.082058,12.000000 
1,2,0.140959,250.000000 
2,0,0.026217,350.000000 
2,1,0.006069,350.000000 
2,1,0.010212,3.000000 
2,0,0.011443,3.000000 
0,0,0.097266,12.000000 
1,2,0.076724,3.000000 
1,2,0.058457,350.000000 
2,1,0.024818,3.000000 
2,0,0.001496,250.000000 
2,0,0.006053,250.000000 
1,2,0.013674,250.000000 
1,0,0.075468,3.000000 
1,2,0.043762,75.000000 
1,2,0.113288,250.000000 
2,1,0.041091,1000.000000 
1,2,0.012321,3.000000 
1,2,0.012758,350.000000 
1,2,0.152815,1000.000000 
2,1,0.010165,3.000000 
1,2,0.028852,3.000000 
0,1,0.129000,250.000000 
1,2,0.065895,3.000000 
1,2,0.027324,2515.000000 
1,0,0.022302,3.000000 
1,2,0.004397,3.000000 
1,0,0.013579,350.000000 
1,2,0.033691,12.000000 
1,2,0.002242,3.000000 
1,2,0.012448,350.000000 
2,1,0.002354,3.000000 
2,1,0.029502,3.000000 
1,2,0.004675,350.000000 
1,2,0.044354,3.000000 
2,1,0.039384,12.000000 
2,1,0.015502,250.000000 
1,2,0.011684,250.000000 
2,0,0.023801,10.000000 
2,0,0.029886,6326.000000 
1,0,0.018963,3.000000 
1,2,0.014429,3.000000 
1,2,0.025759,12.000000 
2,1,0.009624,3.000000 
0,1,0.078257,250.000000 
1,2,0.005221,250.000000 
1,2,0.059240,250.000000 
1,2,0.055936,350.000000 
1,2,0.038255,3.000000 
1,2,0.098025,3.000000 
1,2,0.009915,350.000000 
2,1,0.064184,350.000000 
1,2,0.006893,250.000000 
2,1,0.011868,250.000000 
2,1,0.072572,350.000000 
2,1,0.028175,350.000000 
1,2,0.004151,6326.000000 
1,2,0.001089,1000.000000 
2,0,0.010247,250.000000 
2,1,0.007295,12.000000 
1,2,0.004677,3.000000 
1,2,0.023111,75.000000 
1,2,0.009279,3.000000 
2,1,0.028475,250.000000 
1,2,0.012417,3.000000 
0,0,0.032129,10.000000 
2,1,0.023124,350.000000 
2,1,0.137997,350.000000 
2,0,0.044358,250.000000 
2,1,0.020256,250.000000 
1,2,0.051328,1000.000000 
2,0,0.033715,12.000000 
2,1,0.023374,1000.000000 
1,2,0.002578,75.000000 
0,0,0.041974,250.000000 
2,0,0.151618,3.000000 
1,0,0.016872,3.000000 
2,0,0.100371,350.000000 
2,1,0.011902,350.000000 
2,1,0.039684,250.000000 
1,2,0.077695,12.000000 
2,0,0.039227,250.000000 
2,1,0.010933,1000.000000 
1,2,0.090572,250.000000 
1,2,0.000358,3.000000 
2,1,0.047203,250.000000 
2,1,0.053696,12.000000 
2,0,0.078403,12.000000 
1,2,0.010331,250.000000 
1,2,0.041532,3.000000 
0,1,0.063002,3.000000 
2,1,0.050583,10.000000 
2,1,0.033384,3.000000 
2,0,0.054047,3.000000 
1,2,0.008878,350.000000 
1,2,0.031259,75.000000 
1,2,0.047731,6326.000000 
1,2,0.124118,3.000000 
1,2,0.110083,3.000000 
2,1,0.065854,350.000000 
2,1,0.029189,350.000000 
2,1,0.005275,10.000000 
0,1,0.005216,3.000000 
1,2,0.071467,250.000000 
1,2,0.010422,350.000000 
2,1,0.009233,3.000000 
1,2,0.042006,1000.000000 
1,2,0.015045,350.000000 
2,1,0.075980,12.000000 
1,2,0.026536,250.000000 
2,0,0.007086,3.000000 
2,1,0.019122,250.000000 
2,1,0.040205,10032.000000 
2,1,0.085799,250.000000 
2,1,0.028154,350.000000 
2,1,0.041163,3.000000 
2,1,0.038272,75.000000 
2,1,0.042694,350.000000 
2,1,0.054630,3.000000 
2,1,0.004415,250.000000 
1,2,0.100326,350.000000 
2,0,0.096197,12.000000 
1,2,0.002415,250.000000 
2,1,0.047892,3.000000 
1,2,0.004008,12.000000 
2,1,0.015735,3.000000 
2,1,0.029573,6326.000000 
2,0,0.007183,2515.000000 
1,2,0.082355,3.000000 
2,0,0.007219,12.000000 
1,2,0.074540,350.000000 
2,1,0.004274,3.000000 
1,2,0.030172,3.000000 
1,2,0.063490,1000.000000 
1,2,0.011389,3.000000 
0,0,0.061515,3.000000 
2,1,0.075736,12.000000 
0,1,0.003513,350.000000 
2,0,0.167622,3.000000 
2,1,0.031377,12.000000 
2,1,0.025638,250.000000 
2,1,0.038502,75.000000 
2,1,0.029149,3.000000 
2,1,0.012848,250.000000 
1,2,0.040239,1000.000000 
2,1,0.028361,3.000000 
0,0,0.061204,350.000000 
0,1,0.141502,350.000000 
0,0,0.031272,3.000000 
2,1,0.008792,350.000000 
1,2,0.029703,350.000000 
2,1,0.065776,350.000000 
1,2,0.006199,10.000000 
1,2,0.009411,75.000000 
2,1,0.025444,350.000000 
1,2,0.006237,350.000000 
1,2,0.033987,1000.000000 
2,1,0.064023,350.000000 
2,1,0.013028,350.000000 
2,1,0.086780,1000.000000 
1,2,0.052112,3.000000 
2,1,0.017949,350.000000 
2,1,0.000239,350.000000 
1,2,0.025347,250.000000 
1,2,0.100465,250.000000 
1,2,0.047497,12.000000 
1,2,0.076458,12.000000 
2,1,0.000526,6326.000000 
2,1,0.098317,75.000000 
2,1,0.009974,250.000000 
2,1,0.007493,1000.000000 
2,1,0.004814,3.000000 
1,2,0.056153,15910.000000 
1,2,0.258733,3.000000 
1,2,0.087018,1000.000000 
2,1,0.163886,350.000000 
2,1,0.020046,250.000000 
2,1,0.017961,3.000000 
1,2,0.000447,75.000000 
1,2,0.059646,3.000000 
2,1,0.007427,3.000000 
2,1,0.123455,350.000000 
2,1,0.038107,10.000000 
2,1,0.001110,3.000000 
1,2,0.034891,12.000000 
2,1,0.019798,250.000000 
1,2,0.045597,3.000000 
1,0,0.002882,250.000000 
2,1,0.130335,2515.000000 
2,1,0.093613,250.000000 
0,1,0.012508,3.000000 
1,2,0.031279,1000.000000 
2,1,0.071815,350.000000 
2,1,0.135553,3.000000 
2,1,0.034562,250.000000 
1,2,0.155640,250.000000 
2,1,0.040122,75.000000 
2,1,0.086358,3.000000 
1,2,0.024485,250.000000 
1,2,0.032407,12.000000 
2,1,0.020168,12.000000 
0,0,0.031023,3.000000 
1,2,0.017416,250.000000 
0,1,0.006210,350.000000 
2,1,0.004990,250.000000 
0,0,0.053403,3.000000 
2,1,0.004394,3.000000 
2,1,0.030182,10.000000 
2,1,0.000280,3.000000 
1,2,0.013715,6326.000000 
2,1,0.060273,250.000000 
2,1,0.008013,3.000000 
1,2,0.077521,350.000000 
1,2,0.003130,3.000000 
1,2,0.002576,1000.000000 
1,0,0.093210,75.000000 
1,2,0.021467,3.000000 
0,1,0.039848,350.000000 
1,2,0.016077,250.000000 
1,2,0.065850,3.000000 
2,1,0.037440,250.000000 
2,1,0.009187,100000.000000 
2,1,0.002594,12.000000 
2,1,0.026688,75.000000 
1,2,0.026535,250.000000 
2,1,0.111711,250.000000 
2,1,0.018928,10.000000 
1,2,0.014442,250.000000 
1,2,0.007561,10.000000 
2,0,0.015204,10.000000 
2,1,0.064390,250.000000 
2,1,0.052439,250.000000 
2,1,0.189321,3.000000 
2,1,0.035946,250.000000 
0,0,0.056050,10.000000 
2,1,0.049877,3.000000 
1,0,0.027727,350.000000 
2,1,0.010272,250.000000 
2,1,0.044610,250.000000 
1,2,0.068038,75.000000 
1,2,0.020794,250.000000 
1,2,0.133203,350.000000 
2,1,0.037085,10.000000 
1,2,0.008180,250.000000 
1,2,0.051267,3.000000 
2,1,0.044761,10032.000000 
2,0,0.025897,250.000000 
2,1,0.006792,3.000000 
0,1,0.138855,250.000000 
2,1,0.097142,12.000000 
1,2,0.011242,350.000000 
1,2,0.086270,12.000000 
2,1,0.025035,350.000000 
2,1,0.116582,250.000000 
2,1,0.144103,250.000000 
2,1,0.005798,250.000000 
2,1,0.017181,250.000000 
1,2,0.123107,350.000000 
1,2,0.014000,75.000000 
0,0,0.002678,250.000000 
2,1,0.048532,3.000000 
2,1,0.043667,1000.000000 
1,2,0.042414,1000.000000 
1,2,0.153176,3.000000 
1,2,0.039813,3.000000 
2,1,0.109913,75.000000 
2,1,0.013069,3.000000 
0,0,0.012099,350.000000 
2,1,0.032579,3.000000 
2,1,0.022190,3.000000 
1,2,0.027756,12.000000 
1,0,0.277185,250.000000 
2,1,0.024490,250.000000 
0,0,0.004773,250.000000 
1,2,0.007539,250.000000 
1,2,0.037280,3.000000 
1,0,0.015809,3.000000 
2,1,0.211787,3.000000 
1,2,0.114690,250.000000 
0,0,0.073500,12.000000 
1,2,0.122721,1000.000000 
1,2,0.148197,75.000000 
2,1,0.084335,75.000000 
1,2,0.051422,250.000000 
2,0,0.053686,75.000000 
2,1,0.088684,10.000000 
0,1,0.000991,3.000000 
2,1,0.037811,350.000000 
0,0,0.074742,250.000000 
1,2,0.056864,350.000000 
1,2,0.013608,12.000000 
2,1,0.013381,250.000000 
1,2,0.030711,250.000000 
1,2,0.046886,10.000000 
2,1,0.000492,12.000000 
2,1,0.069628,250.000000 
1,2,0.028264,250.000000 
2,1,0.068506,3.000000 
2,1,0.022877,3.000000 
2,1,0.036931,1000.000000 
2,1,0.087581,1000.000000 
1,2,0.009835,1000.000000 
1,2,0.017471,250.000000 
2,0,0.027204,10.000000 
1,2,0.097367,250.000000 
1,2,0.045908,3.000000 
2,1,0.002327,350.000000 
2,1,0.060025,250.000000 
1,2,0.052591,350.000000 
1,0,0.000224,350.000000 
1,2,0.025211,24094.000000 
