0,4,7,11.758012,40412.598914
1,4,6,13.786473,1978439.189642
2,4,5,14.066709,87334.480743
3,4,7,14.846177,12148251.479706
3,4,7,26.846177,20283834.130016
4,4,6,15.475848,3940625.164362
5,4,8,16.994718,26755.662624
6,4,6,20.051377,11930060.185313
7,4,5,20.438710,114129.586519
8,4,6,20.825408,11948571.896760
9,4,8,20.892945,43235.501165
10,4,8,21.851355,2006992.217471
11,4,5,22.506404,2107828.815377
12,4,5,22.691571,4036755.530335
13,4,6,26.056279,14760715.249295
14,4,6,28.985070,15369434.024812
15,4,5,29.620514,4059272.273453
16,4,8,30.019278,2033198.781365
17,4,8,34.886049,9947860.128522
18,4,8,35.844685,12010285.849674
19,4,6,38.550105,17395207.888984
20,4,6,39.423609,17491541.271730
21,4,7,39.799361,20367542.947295
22,4,5,40.328730,4158521.783240
23,4,5,40.400831,6020428.471005
24,4,6,40.567870,18098412.259194
25,4,5,41.208560,6042632.297841
26,4,7,43.594908,32421086.064044
26,4,7,55.594908,44575712.404401
26,4,7,67.594908,63390978.514525
26,4,7,79.594908,78246988.724913
26,4,7,91.594908,92906922.922568
27,4,8,44.019680,12033851.305593
28,4,7,44.896752,32513708.037660
29,4,7,45.251728,32535819.337876
30,4,5,45.345686,18034251.312679
30,4,5,57.345686,34856876.300886
30,4,5,69.345686,47309617.370806
30,4,5,81.345686,71110305.968604
30,4,5,93.345686,98377110.653008
30,4,5,105.345686,146521522.676401
30,4,5,117.345686,184191535.471123
30,4,5,129.345686,198996713.841335
30,4,5,141.345686,210863898.553720
30,4,5,153.345686,224855888.132892
30,4,5,165.345686,232209223.073668
31,4,6,45.617235,20119706.119551
32,4,7,46.954918,32625734.080602
33,4,8,50.002691,12060941.300149
34,4,5,50.309105,20876910.002757
35,4,5,51.423133,20898258.111959
36,4,6,51.880989,22060213.029111
37,4,7,52.160160,32649570.517128
38,4,5,52.169163,22844317.930073
39,4,6,53.176093,34171535.297549
39,4,6,65.176093,71689393.872923
39,4,6,77.176093,94158816.371351
39,4,6,89.176093,107143122.170525
39,4,6,101.176093,122048412.622480
40,4,6,54.574303,36994631.414039
41,4,8,54.591907,14024698.459427
42,4,6,54.916723,37624961.567470
43,4,6,55.199941,45562586.124431
44,4,6,55.628390,57509785.835303
44,4,6,67.628390,79776063.227380
45,4,8,58.249998,16827007.690440
46,4,7,58.709442,46554355.749079
47,4,7,58.831941,49385510.357877
48,4,6,60.131287,57590036.464535
49,4,6,60.960457,57669071.980842
50,4,7,61.226384,51377904.422750
51,4,6,61.965090,57695498.251418
52,4,5,63.401523,35453120.838552
53,4,6,64.692846,59754866.805693
54,4,8,65.716541,17416763.738774
55,4,6,67.509258,71706662.221192
56,4,6,68.229741,79882881.554812
57,4,6,68.337709,79909329.369203
58,4,8,68.432890,19428714.659843
59,4,6,71.236939,79941347.965448
60,4,7,71.337143,66188610.912829
61,4,6,72.021285,79964402.726314
62,4,8,72.682368,19459729.729939
63,4,5,73.824829,47389768.297029
64,4,6,73.838277,82013117.377692
65,4,6,74.543544,82040322.951315
66,4,7,75.867260,66272389.640340
67,4,6,78.267095,94188068.479614
68,4,5,78.320744,59263783.634822
68,4,5,90.320744,86216125.183873
68,4,5,102.320744,134512443.789086
68,4,5,114.320744,170034034.663973
68,4,5,126.320744,186864710.893628
69,4,7,80.927831,80195282.190686
70,4,5,81.619565,73912852.503253
71,4,5,82.576308,74011938.639688
72,4,5,83.859751,74098170.870605
73,4,7,83.949875,88240770.002345
74,4,7,84.585230,90155641.569111
75,4,6,85.352140,94776697.786883
76,4,6,85.412973,94858545.426038
77,4,6,88.407027,94950674.690305
78,4,6,88.679473,95049754.769638
79,4,7,88.940572,90181070.658654
80,4,5,89.129535,74188640.883875
81,4,7,91.206058,90271409.137548
82,4,8,95.349528,19477221.139514
83,4,8,95.722833,27531410.649281
84,4,5,95.864112,101183586.470024
85,4,5,96.326872,103248886.812272
86,4,8,96.633092,30427342.306813
87,4,6,96.954108,119374545.975647
87,4,6,108.954108,146712907.943881
87,4,6,120.954108,159041706.338482
87,4,6,132.954108,170939207.859672
87,4,6,144.954108,193082995.583067
88,4,7,96.954650,94908012.532650
89,4,5,97.072789,106087417.065001
90,4,8,98.528670,32400295.392853
91,4,5,99.711789,118252827.368783
91,4,5,111.711789,157916992.503331
92,4,5,100.758715,118336801.265765
93,4,5,101.425661,120407660.465236
94,4,5,101.951408,122438084.036143
95,4,6,102.118666,124859236.792098
96,4,6,103.005202,124885820.407877
97,4,6,103.177759,126895885.414702
98,4,7,104.489624,102895869.423427
99,4,7,105.368150,103509371.548575
100,4,6,105.989341,134847408.193349
101,4,5,106.748805,147134700.183309
102,4,5,107.996338,149900394.734272
103,4,7,109.720470,105520403.074509
104,4,6,111.593093,146813263.598393
105,4,8,112.152313,32416123.825449
106,4,7,112.372454,106118989.868272
107,4,5,115.782074,172017731.357066
108,4,7,116.408591,108113405.115084
109,4,8,117.104783,32444465.004912
110,4,5,117.150449,172038983.515739
111,4,7,117.440410,108752647.394970
112,4,7,118.029947,116820977.146356
113,4,7,118.145653,116837920.700691
114,4,6,118.615898,146901010.822579
115,4,6,118.787826,146997907.391383
116,4,8,120.621862,35223002.464048
117,4,7,122.169492,124932673.752792
118,4,7,122.505370,124954639.793663
119,4,7,124.542310,124982733.128344
120,4,6,126.939312,159070462.427489
121,4,8,128.231795,37161752.753237
122,4,8,134.041071,37250481.065705
123,4,6,134.922252,178866686.532453
124,4,8,138.538763,37857382.400049
125,4,5,138.881507,199019075.779951
126,4,7,138.945622,125570386.653633
127,4,7,140.373110,125665409.394393
128,4,7,142.082944,127623608.324373
129,4,5,143.230097,212775333.619329
130,4,8,143.350018,40674625.210174
131,4,6,143.777639,190523014.983847
131,4,6,155.777639,201565203.026638
132,4,6,145.672528,193105345.869035
133,4,8,146.056213,52636954.325340
133,4,8,158.056213,81421463.516720
133,4,8,170.056213,105443796.265584
133,4,8,182.056213,131509621.469708
133,4,8,194.056213,148087973.237241
134,4,6,147.008611,193190793.464419
135,4,8,147.956069,64805906.176405
135,4,8,159.956069,93288657.753419
135,4,8,171.956069,117471995.563256
135,4,8,183.956069,143460148.261039
135,4,8,195.956069,162929369.737561
135,4,8,207.956069,186717367.931348
135,4,8,219.956069,196864578.265706
136,4,6,148.649734,193292451.005906
137,4,8,150.563437,64830717.265987
138,4,8,151.095850,66919865.722445
139,4,8,151.263588,68882460.829038
140,4,6,151.791037,193319735.907722
141,4,6,151.836653,193345444.380638
142,4,6,152.423377,193360753.348659
143,4,7,154.332896,129529655.762925
144,4,6,154.349732,193393740.136188
145,4,7,155.244343,132331040.574640
146,4,8,157.197541,69486437.370773
147,4,6,157.768650,204427475.358847
148,4,7,159.146475,132350763.507247
149,4,6,159.862861,204447050.042932
150,4,7,160.630666,132372536.494781
151,4,7,160.670348,132394575.370351
152,4,5,162.741577,224949417.016446
153,4,6,164.352230,206352172.455103
154,4,8,165.494012,93380931.237870
155,4,5,165.957208,232237705.779043
156,4,7,168.023045,132417889.396339
157,4,7,168.451901,135246441.375308
158,4,8,168.927305,93407969.553962
159,4,5,169.146615,232316702.309300
160,4,6,170.541580,206375688.534332
161,4,6,171.283011,206398601.468217
162,4,5,172.226380,234378130.855796
163,4,7,173.819697,135266671.045998
164,4,5,177.381937,237190047.936930
165,4,7,177.485440,138112834.746162
166,4,8,178.337589,119457990.739488
167,4,6,180.289369,218356975.735638
167,4,6,192.289369,234437809.433720
167,4,6,204.289369,253940004.443349
167,4,6,216.289369,272127753.902474
167,4,6,228.289369,276691450.891317
168,4,6,180.343311,220356159.703491
169,4,7,181.234146,140148789.892389
170,4,6,183.265266,220379679.322836
171,4,7,183.386701,142155523.690104
172,4,7,185.770782,142168945.498388
173,4,6,187.589716,220483994.969448
174,4,6,190.233897,222532525.764633
175,4,8,191.240827,145452644.885143
176,4,6,192.614966,237252812.354601
177,4,6,194.616637,237340686.222197
178,4,6,194.861064,237365833.881305
179,4,8,195.647847,150822363.971116
180,4,7,196.699030,145044304.971519
181,4,5,197.492439,239138101.619340
182,4,7,197.704464,153049907.837603
183,4,7,197.775236,153068662.566790
184,4,6,198.203490,237457124.022248
185,4,5,199.739453,239166870.601131
186,4,8,200.125715,163020164.742084
187,4,7,200.221211,155849122.251113
188,4,6,201.607003,239417539.408630
189,4,7,201.756827,156440879.669458
190,4,5,202.509167,241178710.998650
191,4,7,203.190473,158461140.406921
192,4,5,203.700643,241195799.560791
193,4,6,203.902072,242233234.707119
194,4,8,204.181993,165884008.784146
195,4,6,204.953653,256826925.172555
196,4,6,205.003508,256913595.130055
197,4,8,205.461206,167862983.864888
198,4,8,206.283710,170702733.938745
199,4,5,206.476449,241289046.795192
200,4,6,206.848991,256939987.765170
201,4,8,207.202519,172773959.392214
202,4,8,207.215457,174814095.055540
203,4,7,207.262114,158486452.708514
204,4,5,207.423140,244004210.252842
205,4,6,208.663375,257038040.277534
206,4,7,209.284340,161257616.957564
207,4,6,209.949027,257063704.306592
208,4,7,212.217849,173468599.217988
208,4,7,224.217849,186254625.798239
209,4,6,213.099670,257172738.437840
210,4,5,213.650074,244030107.296177
211,4,8,213.781818,186736510.886926
212,4,6,214.602711,259989875.666398
213,4,5,214.917767,244053793.044036
214,4,6,215.057876,260014471.360318
215,4,8,215.392451,188686262.192479
216,4,6,215.614695,260115693.513497
217,4,5,215.962077,246856088.447846
218,4,5,216.260866,254798443.013275
219,4,7,220.219331,176333997.085107
220,4,5,220.340334,254822087.777269
221,4,7,220.984715,178298129.947609
222,4,5,221.754046,255438622.549884
223,4,8,224.484436,199661782.710465
224,4,8,224.822118,202418650.972572
225,4,6,225.537627,274080742.187981
226,4,5,225.941575,255458585.610082
227,4,5,226.324229,267261391.813673
227,4,5,238.324229,282008643.106445
227,4,5,250.324229,294095894.320611
227,4,5,262.324229,306212536.145878
227,4,5,274.324229,324228943.939590
227,4,5,286.324229,360877062.062720
227,4,5,298.324229,383979168.733138
228,4,8,227.935896,210544669.351553
229,4,8,228.022943,212528498.509948
230,4,7,228.166949,186272403.910725
231,4,8,228.283462,212560157.952752
232,4,8,228.892363,212581624.123759
233,4,8,230.864242,212602261.932962
234,4,8,231.661978,215586749.936159
235,4,8,231.672672,218366337.476793
236,4,6,233.207318,276716034.708861
237,4,5,234.014702,267296200.268824
238,4,8,235.167562,218965084.363743
239,4,5,235.831812,270073781.559833
240,4,8,235.957938,218987761.875543
241,4,6,236.779542,276736319.614851
242,4,6,237.539830,279517520.304578
243,4,7,237.754696,186305788.637048
244,4,6,238.762121,279537441.070780
245,4,6,240.315562,291595616.017113
245,4,6,252.315562,307515467.378153
245,4,6,264.315562,330428401.691113
245,4,6,276.315562,346530565.653052
245,4,6,288.315562,358847320.250549
245,4,6,300.315562,373566253.230869
245,4,6,312.315562,385899843.186758
245,4,6,324.315562,413919592.435485
245,4,6,336.315562,450045211.966089
245,4,6,348.315562,478739545.812582
245,4,6,360.315562,505417640.974687
245,4,6,372.315562,535537770.442373
245,4,6,384.315562,563506798.445264
245,4,6,396.315562,587539811.024226
245,4,6,408.315562,613508936.361050
245,4,6,420.315562,629584869.157267
246,4,7,240.316446,186332195.283815
247,4,7,242.189820,189099321.520303
248,4,6,242.651081,293530307.325309
249,4,6,243.135021,295461394.477224
250,4,7,250.561899,191800891.327077
251,4,8,257.598625,219583450.458940
252,4,8,257.855646,219688087.289411
253,4,7,258.174014,191826904.647003
254,4,8,259.316022,219710015.847815
255,4,8,260.188957,219738194.463731
256,4,5,260.570958,294189966.534211
257,4,8,260.955794,219836462.382438
258,4,6,262.539263,315464616.559735
259,4,6,262.717888,318326414.404295
260,4,8,263.061900,221819078.053815
261,4,7,263.249787,191916839.484778
262,4,5,265.608426,308222515.164756
263,4,8,268.112667,223911079.890195
264,4,5,268.381848,310255283.728426
265,4,5,268.844563,312234930.170524
266,4,6,270.387033,332467445.300113
267,4,7,271.930932,193944599.471465
268,4,5,274.443488,332191899.624824
269,4,7,275.388118,193974843.448608
270,4,6,275.437141,334407744.883793
271,4,6,275.491022,334505634.066112
272,4,7,276.433006,196740906.972566
273,4,5,277.745252,344115086.237562
273,4,5,289.745252,371683669.531995
274,4,8,278.113177,225812817.632048
275,4,6,279.371835,346561940.499504
276,4,6,279.624323,346667842.069701
277,4,5,279.867841,344227468.627148
278,4,5,280.729502,346243217.600687
279,4,5,281.994798,349017502.339334
280,4,7,283.634863,197378350.246885
281,4,5,288.116381,363606605.354874
282,4,5,289.767559,371779995.140746
283,4,5,289.784465,373850005.001281
284,4,6,291.194830,358870500.780261
285,4,8,291.393615,225829012.834639
286,4,5,293.385376,373873732.277053
287,4,6,294.306318,358957385.573093
288,4,6,294.815462,361658444.841995
289,4,5,296.547744,375828427.148421
290,4,8,296.736058,225851060.953392
291,4,8,298.582921,228615373.786159
292,4,7,298.595057,197976747.028117
293,4,7,299.953080,198070028.442596
294,4,6,301.407228,373585574.102044
295,4,7,303.693572,200077567.147527
296,4,6,305.210382,373668117.690435
297,4,5,305.664957,385996276.543508
298,4,8,306.027352,230586054.390338
299,4,7,306.257055,202135173.351195
300,4,7,306.619112,210111890.663875
301,4,5,306.902881,386086908.998321
302,4,8,307.304074,232597165.703677
303,4,6,307.760680,373699203.849436
304,4,7,310.635245,212160971.364865
305,4,7,311.149047,212256734.163260
306,4,8,312.631818,235352631.789743
307,4,8,313.775079,238129609.969136
308,4,8,314.131990,238226785.046207
309,4,7,316.273844,212341078.452852
310,4,5,316.544904,386114614.740278
311,4,6,317.187124,387958450.806192
312,4,6,317.777875,400012921.245785
312,4,6,329.777875,425900513.931250
312,4,6,341.777875,464100945.850091
312,4,6,353.777875,492944854.156832
312,4,6,365.777875,521587470.384722
312,4,6,377.777875,551491809.201074
312,4,6,389.777875,575553833.887936
312,4,6,401.777875,599611153.099450
312,4,6,413.777875,625511877.836908
312,4,6,425.777875,644276350.127903
312,4,6,437.777875,659044107.819754
312,4,6,449.777875,681214808.811068
312,4,6,461.777875,695293294.007107
312,4,6,473.777875,707105230.049058
312,4,6,485.777875,720336905.453615
312,4,6,497.777875,725211621.289789
313,4,8,318.308922,240234004.915710
314,4,8,319.418596,242158240.469934
315,4,7,319.771009,214371472.555793
316,4,8,321.715603,242180301.461598
317,4,7,323.537692,214998350.353991
318,4,6,324.260628,402064020.867548
319,4,5,324.411188,386131484.883284
320,4,8,324.617885,244941003.878138
321,4,5,325.203370,388117602.073303
322,4,5,325.505832,388141307.099491
323,4,5,326.657822,390069384.319521
324,4,7,328.657845,216943229.154300
325,4,7,329.295466,217521325.450361
326,4,6,330.464268,427932910.711767
327,4,5,330.995094,392041443.683694
328,4,8,331.652713,247683101.540018
329,4,8,332.494713,249804735.991636
330,4,6,333.846248,430037303.799123
331,4,6,334.839889,438084900.487520
332,4,5,335.773790,400128931.304736
333,4,7,336.579287,217539530.737714
334,4,8,337.321842,252541971.238811
335,4,6,338.269027,452005307.792088
336,4,7,339.544521,225543962.414566
337,4,5,342.092199,400154868.575738
338,4,5,343.087149,400174311.363028
339,4,5,344.457876,412131922.631551
339,4,5,356.457876,437341108.565669
340,4,8,344.855694,255353249.423106
341,4,5,345.246906,412158371.128263
342,4,8,345.912562,255377604.123170
343,4,6,346.229181,466100539.178145
344,4,8,346.556619,255475960.333036
345,4,8,346.613451,257430007.065771
346,4,5,347.388465,424330802.265548
346,4,5,359.388465,449350222.969306
346,4,5,371.388465,461353667.455880
346,4,5,383.388465,477372781.408031
346,4,5,395.388465,489510884.677677
346,4,5,407.388465,501522349.099277
346,4,5,419.388465,521545373.920291
346,4,5,431.388465,535468988.903622
346,4,5,443.388465,552551224.931282
346,4,5,455.388465,564454232.454767
346,4,5,467.388465,577505259.593808
347,4,6,347.450167,466691196.644012
348,4,5,348.584738,424426862.317658
349,4,5,349.360323,424455052.620214
350,4,5,350.019754,426481971.595513
351,4,5,350.433218,429238507.068817
352,4,7,351.344937,227522007.234651
353,4,5,351.846407,429323569.837892
354,4,6,351.859996,480775322.669050
355,4,8,353.754493,257452916.422062
356,4,6,354.154824,493534431.877469
357,4,7,355.222468,227607067.896600
358,4,5,355.835492,429362566.251562
359,4,7,356.484034,227624723.392725
360,4,6,356.671281,493623396.230754
361,4,6,360.874287,507337993.477497
362,4,6,362.168149,507414868.521316
363,4,6,362.609792,507435854.221265
364,4,8,363.214678,257473231.069005
365,4,7,363.300402,227715735.529454
366,4,8,364.622358,257563635.610850
367,4,6,364.652728,509396792.037646
368,4,8,366.052176,257650166.808747
369,4,5,366.221808,449439256.045893
370,4,7,366.587057,230528266.454189
371,4,6,367.372864,523539604.031748
372,4,7,367.574856,230561978.098570
373,4,8,371.387771,257675909.652961
374,4,6,373.215683,537533461.729912
375,4,6,373.562478,537552302.851866
376,4,5,373.908035,463313016.253547
377,4,5,374.736685,465249144.271011
378,4,5,375.277247,465346866.731096
379,4,7,375.562652,231129889.782886
380,4,7,375.571155,231221175.081711
381,4,5,375.934022,465371506.183131
382,4,6,377.208733,539547843.400643
383,4,8,377.491278,258235198.854341
384,4,8,379.256324,258252315.661161
385,4,5,384.716238,477449799.835473
386,4,7,385.418040,231335558.598876
387,4,8,387.944808,260968997.030116
388,4,7,389.758316,231416937.810495
389,4,8,389.860015,261067209.170637
390,4,7,390.104648,234315098.560453
391,4,6,390.396768,575654064.122570
392,4,8,391.225905,263086041.283764
393,4,8,396.286515,263110589.351153
394,4,6,396.823022,587617774.973707
395,4,7,397.479879,242200418.412215
396,4,7,400.185186,242225920.154228
397,4,8,400.793950,265146388.026819
398,4,5,401.736247,489621101.936146
399,4,6,403.269530,599625734.211198
400,4,8,404.222045,267155887.382688
401,4,7,404.689075,242249099.442384
402,4,7,405.106026,244248267.028430
403,4,5,405.449475,489711971.612145
404,4,6,406.068143,599651118.408602
405,4,6,407.340077,601637610.504629
406,4,8,407.543501,267758922.546727
407,4,8,408.532605,267784541.637857
408,4,5,408.909335,501544123.994389
409,4,5,410.079973,509627638.239508
410,4,8,414.752617,270629615.615317
411,4,8,417.017932,270658408.549203
412,4,7,417.670014,247072469.876543
413,4,6,417.923771,625530732.624056
414,4,5,419.434789,523515797.855752
415,4,6,422.330155,632310839.906105
416,4,7,424.980386,249045284.653589
417,4,6,426.811257,647094940.689468
418,4,8,427.134547,272713865.712263
419,4,8,428.348496,272739287.398826
420,4,5,431.332248,523542673.888500
421,4,5,432.070802,535495475.832860
422,4,8,432.853520,275515518.773015
423,4,8,433.507469,275604653.508701
424,4,7,434.313808,249123226.882085
425,4,5,436.208853,535523210.119326
426,4,6,437.460818,647119836.661520
427,4,5,437.642721,535544696.490184
428,4,6,438.005648,667023051.954676
429,4,8,438.554217,283525552.204962
430,4,5,438.938168,535565223.021265
431,4,5,440.043276,537625226.096599
432,4,6,442.899676,669047735.979676
433,4,5,442.912880,540381589.489918
434,4,6,443.524644,669078956.784700
435,4,6,449.927139,681234742.125270
436,4,5,450.082399,552653499.052314
437,4,5,453.610675,552682192.639984
438,4,7,454.584726,249710286.220832
439,4,6,455.298787,681262465.554574
440,4,5,455.850134,564474264.107245
441,4,5,456.152647,564507302.246017
442,4,8,456.539292,283545568.961059
443,4,8,457.162416,283617098.515651
444,4,6,460.498171,683234549.256175
445,4,7,462.597759,249817501.635297
446,4,5,462.624765,564598649.318282
447,4,5,464.294612,567363969.160493
448,4,7,465.340673,249841846.487928
449,4,5,465.828229,570140431.669653
450,4,5,466.326449,570228136.416895
451,4,5,468.398456,577529677.421502
452,4,5,468.991103,577559245.849698
453,4,5,469.038165,580382294.662254
454,4,6,470.068395,695317858.137988
455,4,7,470.245011,249869194.015525
456,4,7,470.271096,249890316.129196
457,4,5,471.621968,580988949.913568
458,4,5,473.002171,581012568.474621
459,4,7,473.859401,249910163.399954
460,4,5,474.066366,581044654.468220
461,4,7,474.174047,252660723.366904
462,4,8,475.582234,285553826.285574
463,4,6,475.855859,707708449.408162
464,4,5,476.219909,583108029.004864
465,4,6,477.014311,708281570.636424
466,4,5,478.347557,585139939.437278
467,4,7,478.754768,252749442.247602
468,4,7,480.904022,254771838.357972
469,4,5,482.466756,585157870.612401
470,4,8,484.641162,287525433.213924
471,4,7,485.244514,262747397.239411
472,4,6,490.347368,720360406.615323
473,4,5,492.084786,587095650.990274
474,4,8,492.596680,287545070.630098
475,4,6,493.436222,720936848.926979
476,4,7,495.931100,262850915.194972
477,4,5,496.305918,587116919.283634
478,4,5,497.285921,589133152.810677
479,4,6,497.464801,721053308.561866
480,4,6,499.555203,727269285.465249
481,4,5,499.582218,597099146.708305
482,4,7,503.101007,262954450.920598
483,4,8,505.622332,287569828.708709
484,4,5,506.327057,599125549.772996
485,4,8,506.589153,289623189.451770
486,4,5,506.657399,601147823.047724
487,4,5,508.043072,603903570.215169
488,4,7,509.065674,262976212.278731
489,4,5,509.328190,605862092.057004
490,4,6,510.021427,729247436.151166
491,4,7,510.310107,265717337.409145
492,4,7,510.707748,267794832.854400
493,4,7,511.090964,269721303.140366
494,4,8,511.369660,301502437.222819
494,4,8,523.369660,309713304.930424
495,4,5,514.683736,606460327.368362
496,4,8,516.150929,301601644.358104
497,4,7,517.657507,269742233.738223
498,4,5,518.232690,606570825.212959
499,4,5,518.659447,609414101.529341
500,4,5,519.142965,611411132.093002
501,4,6,520.133264,729318453.374922
502,4,5,521.625803,611431966.547500
503,4,5,523.079556,614179479.487423
504,4,5,523.505716,614254341.889576
505,4,5,525.301920,614278036.669496
506,4,7,525.597494,270392477.969366
507,4,8,527.431591,309736934.332297
508,4,6,530.475703,729347966.515541
509,4,5,530.888203,614368244.655918
510,4,6,532.968085,729373025.545717
511,4,8,533.020266,312555524.250921
512,4,8,533.745564,314532471.842799
513,4,7,534.221915,270415276.357208
514,4,7,534.311812,270436587.446708
515,4,6,538.332283,731420969.189601
516,4,7,538.853924,273204101.629418
517,4,8,539.179832,316486317.098495
518,4,5,539.879839,614462645.548210
519,4,8,542.804286,317057927.412882
520,4,5,543.621563,616454935.731367
521,4,7,544.277078,281204680.862680
522,4,6,544.535921,731450632.589525
523,4,6,547.263823,734254406.565866
524,4,5,548.078482,616477066.724338
525,4,6,548.101566,734352513.179634
526,4,5,548.861406,616505282.374573
527,4,8,549.972933,317134493.051612
528,4,6,550.780527,734373658.334487
529,4,5,551.077218,624420024.382169
530,4,6,552.660300,737229595.874490
531,4,5,554.424176,626435943.780248
532,4,5,555.411641,628448847.242153
533,4,8,555.473809,317155969.159000
534,4,5,555.509590,636440325.495051
535,4,5,556.876249,638511571.865988
536,4,8,559.530732,317767834.259693
537,4,5,561.619426,638537456.946664
538,4,5,562.261238,640446663.116145
539,4,7,564.093300,281824089.306202
540,4,6,564.751645,745075758.531331
541,4,5,567.003681,643163258.965913
542,4,5,567.176160,645165846.207100
543,4,6,568.174306,757077627.363589
543,4,6,580.174306,772124124.295452
543,4,6,592.174306,786010227.859571
543,4,6,604.174306,802661166.901719
543,4,6,616.174306,823306437.445091
544,4,7,569.032586,283824755.579074
545,4,5,570.149685,645184477.078828
546,4,5,570.487193,645280821.814492
547,4,5,571.037495,645304821.643396
548,4,6,571.174594,757152359.296745
549,4,6,571.451342,757238404.185091
550,4,6,571.629754,757261347.186290
551,4,8,571.986727,319737957.739251
552,4,5,572.930748,645336263.632832
553,4,5,572.997698,645427531.254627
554,4,7,573.499229,291765697.273829
555,4,8,574.515109,319757995.409033
556,4,6,575.132213,760041664.799011
557,4,5,575.919512,657352386.671494
557,4,5,587.919512,665879230.637853
558,4,5,576.831581,657459084.417558
559,4,5,578.256864,658047904.665483
560,4,6,580.744747,772147531.647715
561,4,8,581.608496,322561523.535976
562,4,8,582.358468,325482240.321644
563,4,8,583.597148,327498345.389610
564,4,8,585.851237,327529305.140859
565,4,8,587.381928,327562188.247633
566,4,6,587.602551,772173419.493169
567,4,5,588.242273,668719525.324504
568,4,8,588.644513,327645120.139931
569,4,8,588.791109,327745717.909294
570,4,6,590.202720,774132286.956765
571,4,5,590.543009,670815748.897146
572,4,8,591.876093,327769693.041024
573,4,6,592.836279,787994327.154173
574,4,7,595.349517,303694654.674915
574,4,7,607.349517,315807698.543380
574,4,7,619.349517,341456417.009532
574,4,7,631.349517,375488606.066436
574,4,7,643.349517,398196804.200732
575,4,8,596.126562,329698001.406410
576,4,6,597.583850,790774369.411206
577,4,7,597.812820,303802383.323315
578,4,8,598.523433,329728388.815520
579,4,5,604.259084,670911378.559572
580,4,6,605.582895,804718554.319009
581,4,6,605.991331,806718646.287522
582,4,6,606.846548,818614487.463152
582,4,6,618.846548,859307287.568791
582,4,6,630.846548,893662966.958629
582,4,6,642.846548,917447807.170445
582,4,6,654.846548,941483161.977935
582,4,6,666.846548,965373867.416529
582,4,6,678.846548,1002446388.633991
583,4,7,608.524132,318588477.810690
584,4,7,608.561340,321308600.409913
585,4,6,610.570963,818701992.968941
586,4,7,610.799300,323274859.606879
587,4,7,610.854766,325259128.728444
588,4,5,612.619950,673725048.404590
589,4,6,613.120823,820729948.546569
590,4,7,615.872768,327260974.929738
591,4,6,616.929783,835429034.117469
591,4,6,628.929783,871287064.543783
591,4,6,640.929783,905509802.384019
591,4,6,652.929783,929511575.048645
591,4,6,664.929783,953520211.888723
591,4,6,676.929783,994127337.799467
591,4,6,688.929783,1025090188.273455
591,4,6,700.929783,1045213942.164857
591,4,6,712.929783,1061249849.003091
591,4,6,724.929783,1083187732.383108
591,4,6,736.929783,1095479665.839470
591,4,6,748.929783,1107436939.386671
591,4,6,760.929783,1122812338.399367
591,4,6,772.929783,1138715887.440719
591,4,6,784.929783,1150666155.512170
591,4,6,796.929783,1169570973.784020
592,4,7,618.159183,329263649.340678
593,4,6,618.833198,847310696.725610
593,4,6,630.833198,881421529.067380
594,4,8,619.024556,330363938.228549
595,4,7,619.205672,329338511.977852
596,4,8,619.525267,330440899.455367
597,4,5,620.635645,673825505.238994
598,4,7,620.856186,353536441.777882
598,4,7,632.856186,387488444.058478
598,4,7,644.856186,410255019.575413
598,4,7,656.856186,434725638.563592
598,4,7,668.856186,448623713.632032
599,4,7,621.315427,361444438.108354
600,4,8,624.408977,333235128.188839
601,4,7,627.592958,363431061.373621
602,4,5,629.468218,676594969.228515
603,4,6,629.733402,873330656.377286
604,4,5,632.518365,676690741.224232
605,4,6,633.173632,893767558.664961
606,4,8,633.247117,335096997.171530
607,4,5,634.758904,676782352.179658
608,4,5,636.345784,676795028.633056
609,4,8,638.764985,335132098.824831
610,4,7,639.122101,387593441.208571
611,4,8,639.469588,335158881.088500
612,4,5,640.173531,676822567.150970
613,4,7,641.513787,395526551.426247
614,4,5,641.854067,679626715.655761
615,4,7,642.825960,395620362.006852
616,4,5,644.432180,687711243.315669
617,4,5,645.890582,688315491.450857
618,4,5,646.720474,691154419.159624
619,4,7,647.476564,410844524.250397
620,4,7,647.626007,422728764.097405
620,4,7,659.626007,442976448.112152
621,4,5,647.649032,693956931.898104
622,4,8,648.459794,337964709.528320
623,4,8,651.834064,339943890.018592
624,4,5,652.480763,694032861.047696
625,4,5,655.934134,694111223.503503
626,4,7,656.217593,422758474.520544
627,4,6,656.742537,941571653.270299
628,4,8,656.937468,342659674.200968
629,4,7,658.047408,434748348.621667
630,4,8,659.508089,342677050.086389
631,4,5,660.130725,706128594.514044
631,4,5,672.130725,720850123.280192
632,4,7,660.973258,443003465.618271
633,4,8,661.880636,342700904.529036
634,4,7,661.893392,443036408.505511
635,4,7,661.927042,445879615.299561
636,4,8,662.088937,344688331.951614
637,4,8,662.231060,344769854.011996
638,4,8,663.397078,344792878.597068
639,4,5,665.304987,708153033.830141
640,4,6,665.307391,953543405.685664
641,4,5,665.754423,710792677.923527
642,4,7,666.513550,445913030.574950
643,4,5,666.584064,710825634.267634
644,4,6,666.954009,977350740.097575
644,4,6,678.954009,1010591601.259577
645,4,7,667.158077,445941456.076845
646,4,5,667.771425,712761820.802336
647,4,7,668.328632,446041239.397797
648,4,7,670.166125,451512225.069965
649,4,6,670.222431,977365586.658397
650,4,8,670.419257,344820529.029388
651,4,6,672.280921,980193150.150846
652,4,6,675.473282,982170449.042109
653,4,5,676.541520,720875675.052644
654,4,6,678.748618,994200348.934819
655,4,8,681.086434,356718403.114808
655,4,8,693.086434,369292803.767545
655,4,8,705.086434,392740066.012415
655,4,8,717.086434,406728367.704364
655,4,8,729.086434,440357757.333348
655,4,8,741.086434,464272421.667830
655,4,8,753.086434,488958374.207001
655,4,8,765.086434,528669328.887999
655,4,8,777.086434,573212934.215826
655,4,8,789.086434,610924610.453182
655,4,8,801.086434,663626636.301476
655,4,8,813.086434,701566071.651847
655,4,8,825.086434,718386321.433323
655,4,8,837.086434,750087534.071497
655,4,8,849.086434,792248656.366491
655,4,8,861.086434,820950099.556936
655,4,8,873.086434,845133945.661476
655,4,8,885.086434,873774144.015460
655,4,8,897.086434,885838945.391231
655,4,8,909.086434,901901252.156297
655,4,8,921.086434,916093908.015825
655,4,8,933.086434,928046491.585811
655,4,8,945.086434,942117625.303164
655,4,8,957.086434,957066136.547623
655,4,8,969.086434,971924764.680116
655,4,8,981.086434,984042612.930730
655,4,8,993.086434,1013172027.595816
655,4,8,1005.086434,1037276229.697869
655,4,8,1017.086434,1049308534.971099
655,4,8,1029.086434,1061390257.485154
655,4,8,1041.086434,1073272205.355829
655,4,8,1053.086434,1085222000.234066
655,4,8,1065.086434,1096889328.137659
655,4,8,1077.086434,1109056405.999563
655,4,8,1089.086434,1121051916.099105
655,4,8,1101.086434,1133091500.452966
655,4,8,1113.086434,1145285964.489504
655,4,8,1125.086434,1157427470.004698
655,4,8,1137.086434,1169345079.228992
655,4,8,1149.086434,1181407820.082529
655,4,8,1161.086434,1193307666.115262
655,4,8,1173.086434,1205265902.703632
655,4,8,1185.086434,1217119235.316471
655,4,8,1197.086434,1229026417.555412
655,4,8,1209.086434,1240954576.323039
655,4,8,1221.086434,1252902862.752759
655,4,8,1233.086434,1264710546.739544
655,4,8,1245.086434,1276644559.211805
655,4,8,1257.086434,1288707302.716951
655,4,8,1269.086434,1300852912.276248
655,4,8,1281.086434,1312944035.305492
655,4,8,1293.086434,1325033325.687809
655,4,8,1305.086434,1336993393.663600
655,4,8,1317.086434,1349012591.789746
655,4,8,1329.086434,1360881371.887620
655,4,8,1341.086434,1372871288.261770
655,4,8,1353.086434,1384742586.212107
655,4,8,1365.086434,1396843869.847699
655,4,8,1377.086434,1408840825.704160
655,4,8,1389.086434,1420688293.143278
655,4,8,1401.086434,1432689412.683896
655,4,8,1413.086434,1444845419.595026
655,4,8,1425.086434,1456900394.544999
655,4,8,1437.086434,1468876532.906016
655,4,8,1449.086434,1480846456.876997
655,4,8,1461.086434,1492997732.087433
655,4,8,1473.086434,1505034027.000527
655,4,8,1485.086434,1517129597.780697
655,4,8,1497.086434,1529207227.903486
655,4,8,1509.086434,1541130229.436589
655,4,8,1521.086434,1553024681.738330
655,4,8,1533.086434,1564949642.574177
655,4,8,1545.086434,1577017438.078605
655,4,8,1557.086434,1588984686.391897
655,4,8,1569.086434,1601050419.795645
655,4,8,1581.086434,1613378714.198601
655,4,8,1593.086434,1625358729.418628
655,4,8,1605.086434,1637224290.102444
655,4,8,1617.086434,1649109709.191314
655,4,8,1629.086434,1661063784.216398
655,4,8,1641.086434,1673089892.342062
655,4,8,1653.086434,1684996439.269909
655,4,8,1665.086434,1696809260.636770
655,4,8,1677.086434,1708747710.275987
655,4,8,1689.086434,1720752066.073521
655,4,8,1701.086434,1732695871.709463
655,4,8,1713.086434,1744668701.603912
655,4,8,1725.086434,1756704385.770309
655,4,8,1737.086434,1768605972.659548
655,4,8,1749.086434,1780710644.587497
655,4,8,1761.086434,1792700172.891600
655,4,8,1773.086434,1804769776.369131
655,4,8,1785.086434,1816801832.663071
655,4,8,1797.086434,1828956852.939390
655,4,8,1809.086434,1840856245.023771
655,4,8,1821.086434,1852713885.839551
655,4,8,1833.086434,1864556573.414883
655,4,8,1845.086434,1876540719.805614
655,4,8,1857.086434,1888778747.048056
655,4,8,1869.086434,1900908672.331030
655,4,8,1881.086434,1912750953.681113
655,4,8,1893.086434,1924700209.169390
655,4,8,1905.086434,1936642751.424280
655,4,8,1917.086434,1948465142.967862
655,4,8,1929.086434,1960676801.324061
655,4,8,1941.086434,1972703639.656186
655,4,8,1953.086434,1984800630.898280
655,4,8,1965.086434,1996682508.894806
655,4,8,1977.086434,2008733939.412849
655,4,8,1989.086434,2020954580.222852
655,4,8,2001.086434,2032795311.502763
655,4,8,2013.086434,2044851630.538543
655,4,8,2025.086434,2056914424.250015
655,4,8,2037.086434,2068719361.030506
655,4,8,2049.086434,2080769872.992755
655,4,8,2061.086434,2092733774.962073
655,4,8,2073.086434,2104511177.130098
655,4,8,2085.086434,2116370617.118460
655,4,8,2097.086434,2128193378.647885
655,4,8,2109.086434,2140386619.004083
655,4,8,2121.086434,2152323850.637837
655,4,8,2133.086434,2164418315.238549
655,4,8,2145.086434,2176527912.384822
655,4,8,2157.086434,2188559980.855896
655,4,8,2169.086434,2200594388.934720
655,4,8,2181.086434,2212649792.055438
655,4,8,2193.086434,2224592262.577283
655,4,8,2205.086434,2236618805.154636
655,4,8,2217.086434,2248558348.400631
655,4,8,2229.086434,2260521887.345613
655,4,8,2241.086434,2272550500.543056
655,4,8,2253.086434,2284673155.137882
655,4,8,2265.086434,2296617080.037519
655,4,8,2277.086434,2308500782.915240
655,4,8,2289.086434,2320342310.010262
655,4,8,2301.086434,2332331223.853735
655,4,8,2313.086434,2344352770.651818
655,4,8,2325.086434,2356478440.507673
655,4,8,2337.086434,2368374662.332603
655,4,8,2349.086434,2380381686.122471
655,4,8,2361.086434,2392370165.867407
655,4,8,2373.086434,2404282198.878260
655,4,8,2385.086434,2416081003.798381
655,4,8,2397.086434,2428238389.277232
655,4,8,2409.086434,2440359239.258531
655,4,8,2421.086434,2452279126.172664
655,4,8,2433.086434,2464230298.662183
655,4,8,2445.086434,2476238353.796598
655,4,8,2457.086434,2488267650.445375
655,4,8,2469.086434,2500287680.650140
655,4,8,2481.086434,2512380267.761663
655,4,8,2493.086434,2524427515.415492
655,4,8,2505.086434,2536580879.272024
655,4,8,2517.086434,2548655951.980624
655,4,8,2529.086434,2560630135.995607
655,4,8,2541.086434,2572586209.095417
655,4,8,2553.086434,2584657019.610435
655,4,8,2565.086434,2596577616.391123
655,4,8,2577.086434,2608690402.023726
655,4,8,2589.086434,2620752434.553377
655,4,8,2601.086434,2632721912.873717
655,4,8,2613.086434,2644767312.117957
655,4,8,2625.086434,2656750954.474414
655,4,8,2637.086434,2668670192.429501
655,4,8,2649.086434,2680540580.744040
655,4,8,2661.086434,2692539484.232373
655,4,8,2673.086434,2704306264.483671
655,4,8,2685.086434,2716168171.434600
655,4,8,2697.086434,2728083880.797406
655,4,8,2709.086434,2740162134.379389
655,4,8,2721.086434,2752311063.367188
655,4,8,2733.086434,2764257489.416160
655,4,8,2745.086434,2776229813.692997
655,4,8,2757.086434,2788305459.765278
655,4,8,2769.086434,2800384008.216703
655,4,8,2781.086434,2812393141.431582
655,4,8,2793.086434,2824420715.594967
655,4,8,2805.086434,2836436121.885026
655,4,8,2817.086434,2848506628.532640
655,4,8,2829.086434,2860427820.783242
655,4,8,2841.086434,2872621938.845447
655,4,8,2853.086434,2884752517.207088
655,4,8,2865.086434,2896785817.011584
655,4,8,2877.086434,2908791612.505778
655,4,8,2889.086434,2920835426.939286
655,4,8,2901.086434,2932928171.692454
655,4,8,2913.086434,2945000726.286192
655,4,8,2925.086434,2956996743.875371
655,4,8,2937.086434,2969112451.626924
655,4,8,2949.086434,2981067615.322472
655,4,8,2961.086434,2993200636.781891
655,4,8,2973.086434,3005174846.109955
655,4,8,2985.086434,3016991564.055756
655,4,8,2997.086434,3029116427.399042
655,4,8,3009.086434,3041239734.457514
655,4,8,3021.086434,3053208475.371011
655,4,8,3033.086434,3064996043.350812
655,4,8,3045.086434,3077003189.047249
655,4,8,3057.086434,3088844367.292500
655,4,8,3069.086434,3100818963.518773
655,4,8,3081.086434,3112793849.616010
655,4,8,3093.086434,3124742892.788773
655,4,8,3105.086434,3136663050.289857
655,4,8,3117.086434,3148529925.692725
655,4,8,3129.086434,3160664190.060954
655,4,8,3141.086434,3172629866.835821
655,4,8,3153.086434,3184614013.764115
655,4,8,3165.086434,3196589434.824937
655,4,8,3177.086434,3208446547.324968
655,4,8,3189.086434,3220462664.527319
655,4,8,3201.086434,3232416781.593966
655,4,8,3213.086434,3244646761.118310
655,4,8,3225.086434,3256525301.261115
655,4,8,3237.086434,3268409546.626168
655,4,8,3249.086434,3280308707.747890
655,4,8,3261.086434,3292389474.676236
655,4,8,3273.086434,3304322525.583859
655,4,8,3285.086434,3316524041.954197
655,4,8,3297.086434,3328432493.241780
655,4,8,3309.086434,3340322865.432534
655,4,8,3321.086434,3352322690.607018
655,4,8,3333.086434,3364185758.841714
655,4,8,3345.086434,3376175093.506019
655,4,8,3357.086434,3388302388.644863
655,4,8,3369.086434,3400108920.431491
655,4,8,3381.086434,3412031481.108419
655,4,8,3393.086434,3424220800.523429
655,4,8,3405.086434,3436295806.920289
655,4,8,3417.086434,3448371298.529546
655,4,8,3429.086434,3460580587.057428
655,4,8,3441.086434,3472571704.764381
655,4,8,3453.086434,3484685230.930223
655,4,8,3465.086434,3496699898.325576
655,4,8,3477.086434,3508627619.076888
655,4,8,3489.086434,3520711717.205057
655,4,8,3501.086434,3532714010.506892
655,4,8,3513.086434,3544585223.096758
655,4,8,3525.086434,3556399258.028602
655,4,8,3537.086434,3568157897.562215
655,4,8,3549.086434,3580286734.425257
655,4,8,3561.086434,3592170618.179071
655,4,8,3573.086434,3604210522.023191
655,4,8,3585.086434,3616385260.617868
655,4,8,3597.086434,3628460896.279117
655,4,8,3609.086434,3640454379.872871
655,4,8,3621.086434,3652359277.807432
655,4,8,3633.086434,3664398538.257404
655,4,8,3645.086434,3676242188.154861
655,4,8,3657.086434,3688367033.063293
655,4,8,3669.086434,3700366318.310693
655,4,8,3681.086434,3712466001.994180
655,4,8,3693.086434,3724610337.831124
655,4,8,3705.086434,3736742338.576940
655,4,8,3717.086434,3748619855.835578
655,4,8,3729.086434,3760650901.254797
655,4,8,3741.086434,3772768344.911434
655,4,8,3753.086434,3784788136.113987
655,4,8,3765.086434,3796860246.639322
655,4,8,3777.086434,3808813669.355530
655,4,8,3789.086434,3820829630.029995
655,4,8,3801.086434,3832841384.177838
655,4,8,3813.086434,3844803685.994501
655,4,8,3825.086434,3856784539.015687
655,4,8,3837.086434,3868747889.982619
655,4,8,3849.086434,3880737195.054893
655,4,8,3861.086434,3892642725.658754
655,4,8,3873.086434,3904885387.956366
655,4,8,3885.086434,3916996652.611347
655,4,8,3897.086434,3929095585.333774
655,4,8,3909.086434,3941016811.990429
655,4,8,3921.086434,3953059971.681168
655,4,8,3933.086434,3965173540.920450
655,4,8,3945.086434,3977286563.641459
655,4,8,3957.086434,3989471997.030257
655,4,8,3969.086434,4001265711.363935
655,4,8,3981.086434,4013463479.353789
655,4,8,3993.086434,4025655650.900961
655,4,8,4005.086434,4037583262.482981
655,4,8,4017.086434,4049828419.066873
655,4,8,4029.086434,4061820187.843222
655,4,8,4041.086434,4073814990.367827
655,4,8,4053.086434,4085858941.179118
655,4,8,4065.086434,4097993156.803762
655,4,8,4077.086434,4110225183.235582
655,4,8,4089.086434,4122248489.728353
655,4,8,4101.086434,4134278912.212587
655,4,8,4113.086434,4146400568.339201
655,4,8,4125.086434,4158369383.468553
655,4,8,4137.086434,4170528778.691908
655,4,8,4149.086434,4182445916.422453
655,4,8,4161.086434,4194470808.501927
655,4,8,4173.086434,4206582193.650036
655,4,8,4185.086434,4218436341.036893
655,4,8,4197.086434,4230604481.685115
655,4,8,4209.086434,4242495869.949524
655,4,8,4221.086434,4254588378.285274
655,4,8,4233.086434,4266837628.618360
655,4,8,4245.086434,4278813488.747209
655,4,8,4257.086434,4290650905.643103
655,4,8,4269.086434,4302660056.551020
655,4,8,4281.086434,4314795875.965454
655,4,8,4293.086434,4326832080.949458
655,4,8,4305.086434,4338750499.789749
655,4,8,4317.086434,4350923600.690042
655,4,8,4329.086434,4362821892.347128
655,4,8,4341.086434,4374897157.573318
655,4,8,4353.086434,4386860880.753592
655,4,8,4365.086434,4398949814.781466
655,4,8,4377.086434,4410887236.766861
655,4,8,4389.086434,4422823168.263982
655,4,8,4401.086434,4434818368.611328
655,4,8,4413.086434,4446763236.208774
655,4,8,4425.086434,4458782252.198121
655,4,8,4437.086434,4470864754.953410
655,4,8,4449.086434,4482901879.085228
655,4,8,4461.086434,4494773975.031678
655,4,8,4473.086434,4506712762.811708
655,4,8,4485.086434,4518546057.281004
655,4,8,4497.086434,4530442420.112647
655,4,8,4509.086434,4542576674.502474
655,4,8,4521.086434,4554537403.740238
655,4,8,4533.086434,4566557646.805369
655,4,8,4545.086434,4578417185.901478
655,4,8,4557.086434,4590200872.532172
655,4,8,4569.086434,4602118099.825321
655,4,8,4581.086434,4614180313.327030
655,4,8,4593.086434,4626200982.230911
655,4,8,4605.086434,4638207081.981193
655,4,8,4617.086434,4650278832.357812
655,4,8,4629.086434,4662355153.418481
655,4,8,4641.086434,4674556200.765143
655,4,8,4653.086434,4686310151.145869
655,4,8,4665.086434,4698122897.444255
655,4,8,4677.086434,4710448146.969463
655,4,8,4689.086434,4722530151.761347
655,4,8,4701.086434,4734447592.349106
655,4,8,4713.086434,4746188593.177879
655,4,8,4725.086434,4758103346.801594
655,4,8,4737.086434,4770233503.937281
655,4,8,4749.086434,4782176820.865677
655,4,8,4761.086434,4794157994.468663
655,4,8,4773.086434,4806177137.244662
655,4,8,4785.086434,4818103425.916008
655,4,8,4797.086434,4830159117.180031
655,4,8,4809.086434,4842175140.313389
655,4,8,4821.086434,4853978607.023367
655,4,8,4833.086434,4866082995.182365
655,4,8,4845.086434,4878154000.307329
655,4,8,4857.086434,4890184653.847178
655,4,8,4869.086434,4902139361.200059
655,4,8,4881.086434,4914329279.353057
655,4,8,4893.086434,4926285892.209292
655,4,8,4905.086434,4938216368.798655
655,4,8,4917.086434,4950180011.097161
655,4,8,4929.086434,4962209370.509283
655,4,8,4941.086434,4974376824.066393
655,4,8,4953.086434,4986408100.723166
655,4,8,4965.086434,4998304746.318228
655,4,8,4977.086434,5009966349.220798
655,4,8,4989.086434,5022123076.399997
655,4,8,5001.086434,5034241946.248055
655,4,8,5013.086434,5046191768.433073
655,4,8,5025.086434,5058189558.295712
655,4,8,5037.086434,5070174736.772010
655,4,8,5049.086434,5082306730.542547
655,4,8,5061.086434,5094611666.361842
655,4,8,5073.086434,5106539177.986001
655,4,8,5085.086434,5118427100.350327
655,4,8,5097.086434,5130457669.561336
655,4,8,5109.086434,5142349886.559008
655,4,8,5121.086434,5154357879.224231
655,4,8,5133.086434,5166346782.648438
655,4,8,5145.086434,5178285109.903442
655,4,8,5157.086434,5190261886.845162
655,4,8,5169.086434,5202182152.174830
655,4,8,5181.086434,5214119105.490159
655,4,8,5193.086434,5226172579.372846
655,4,8,5205.086434,5238197550.739073
655,4,8,5217.086434,5250308278.142561
655,4,8,5229.086434,5262203075.776566
655,4,8,5241.086434,5274182357.897371
655,4,8,5253.086434,5286090068.297509
655,4,8,5265.086434,5298294183.172272
655,4,8,5277.086434,5310176014.135079
655,4,8,5289.086434,5322215864.220656
655,4,8,5301.086434,5334192192.496681
655,4,8,5313.086434,5346266353.467145
655,4,8,5325.086434,5358321771.773724
655,4,8,5337.086434,5370446511.553068
655,4,8,5349.086434,5382406246.783311
655,4,8,5361.086434,5394394203.700316
655,4,8,5373.086434,5406365997.838008
655,4,8,5385.086434,5418216603.868955
655,4,8,5397.086434,5430383331.527479
655,4,8,5409.086434,5442105630.066710
655,4,8,5421.086434,5454067323.704209
655,4,8,5433.086434,5466122924.062693
655,4,8,5445.086434,5478338024.586694
655,4,8,5457.086434,5490336527.892241
655,4,8,5469.086434,5502339706.911636
655,4,8,5481.086434,5514458318.117752
655,4,8,5493.086434,5526410158.077986
655,4,8,5505.086434,5538456224.970057
655,4,8,5517.086434,5550524841.147544
655,4,8,5529.086434,5562471024.205094
655,4,8,5541.086434,5574478244.354782
655,4,8,5553.086434,5586638336.483102
655,4,8,5565.086434,5598635630.614841
655,4,8,5577.086434,5610682002.726664
655,4,8,5589.086434,5622689455.935593
655,4,8,5601.086434,5634805957.239474
655,4,8,5613.086434,5646790093.586600
655,4,8,5625.086434,5658703879.421427
655,4,8,5637.086434,5670699212.996493
655,4,8,5649.086434,5682808221.739807
655,4,8,5661.086434,5694758184.686325
655,4,8,5673.086434,5706696524.992275
655,4,8,5685.086434,5718713977.679816
655,4,8,5697.086434,5730578488.131529
655,4,8,5709.086434,5742603196.898881
655,4,8,5721.086434,5754573169.336525
655,4,8,5733.086434,5766500067.197580
655,4,8,5745.086434,5778496236.168110
655,4,8,5757.086434,5790575203.028795
655,4,8,5769.086434,5802500667.680532
655,4,8,5781.086434,5814489492.055826
655,4,8,5793.086434,5826531940.078987
655,4,8,5805.086434,5838630731.688380
655,4,8,5817.086434,5850528443.924773
655,4,8,5829.086434,5862311666.060154
655,4,8,5841.086434,5874499797.911337
655,4,8,5853.086434,5886526947.065427
655,4,8,5865.086434,5898762909.523083
655,4,8,5877.086434,5910993255.384361
655,4,8,5889.086434,5922877368.444960
655,4,8,5901.086434,5934946244.469272
655,4,8,5913.086434,5946901739.044856
655,4,8,5925.086434,5958866276.966761
655,4,8,5937.086434,5970765847.514145
655,4,8,5949.086434,5982816596.799071
655,4,8,5961.086434,5994801091.943675
655,4,8,5973.086434,6006816646.277020
655,4,8,5985.086434,6018704536.744798
655,4,8,5997.086434,6030715055.735760
655,4,8,6009.086434,6042754292.165066
655,4,8,6021.086434,6054864860.048673
655,4,8,6033.086434,6066940899.167763
655,4,8,6045.086434,6078929690.197162
655,4,8,6057.086434,6090982570.958172
655,4,8,6069.086434,6103171443.816278
655,4,8,6081.086434,6115059392.518862
655,4,8,6093.086434,6127104463.210160
655,4,8,6105.086434,6139085216.931600
655,4,8,6117.086434,6151103095.274812
655,4,8,6129.086434,6163148807.223620
655,4,8,6141.086434,6175186674.308336
655,4,8,6153.086434,6187508909.564019
655,4,8,6165.086434,6199657072.679287
655,4,8,6177.086434,6211632488.517086
655,4,8,6189.086434,6223695521.057081
655,4,8,6201.086434,6235706641.434252
655,4,8,6213.086434,6247513532.831290
655,4,8,6225.086434,6259615618.962056
655,4,8,6237.086434,6271318392.547777
655,4,8,6249.086434,6283426504.331125
655,4,8,6261.086434,6295544422.292520
655,4,8,6273.086434,6307599522.448833
655,4,8,6285.086434,6319426265.312136
655,4,8,6297.086434,6331325910.899357
655,4,8,6309.086434,6343283595.502822
655,4,8,6321.086434,6355137326.052588
655,4,8,6333.086434,6367291495.609850
655,4,8,6345.086434,6379332137.594998
655,4,8,6357.086434,6391255120.504648
655,4,8,6369.086434,6403102924.615978
655,4,8,6381.086434,6415064205.208814
655,4,8,6393.086434,6426974140.367453
655,4,8,6405.086434,6438901007.707627
655,4,8,6417.086434,6450926636.035887
655,4,8,6429.086434,6462831291.715799
655,4,8,6441.086434,6474859076.489390
655,4,8,6453.086434,6486806350.143769
655,4,8,6465.086434,6498969994.845374
655,4,8,6477.086434,6511062683.234941
655,4,8,6489.086434,6522976472.484881
655,4,8,6501.086434,6534901683.862019
655,4,8,6513.086434,6546884219.524096
655,4,8,6525.086434,6559110181.717300
655,4,8,6537.086434,6571151914.436232
655,4,8,6549.086434,6583078484.103830
655,4,8,6561.086434,6594988606.552416
655,4,8,6573.086434,6607027570.433127
655,4,8,6585.086434,6619135710.619777
655,4,8,6597.086434,6631168070.488420
655,4,8,6609.086434,6643087358.703014
655,4,8,6621.086434,6654976184.643706
655,4,8,6633.086434,6666844773.937136
655,4,8,6645.086434,6678990986.732162
655,4,8,6657.086434,6690862214.679239
655,4,8,6669.086434,6702771070.849277
655,4,8,6681.086434,6714746815.867861
655,4,8,6693.086434,6726717359.652609
655,4,8,6705.086434,6738605430.168329
655,4,8,6717.086434,6750481154.749662
655,4,8,6729.086434,6762351108.605247
655,4,8,6741.086434,6774454379.478581
655,4,8,6753.086434,6786573215.192138
655,4,8,6765.086434,6798468746.404198
655,4,8,6777.086434,6810489803.060427
655,4,8,6789.086434,6822414375.651031
655,4,8,6801.086434,6834459081.894408
655,4,8,6813.086434,6846376810.104241
655,4,8,6825.086434,6858411513.574830
655,4,8,6837.086434,6870339980.414392
655,4,8,6849.086434,6882457087.366498
655,4,8,6861.086434,6894584648.844508
655,4,8,6873.086434,6906567613.624220
655,4,8,6885.086434,6918592174.158468
655,4,8,6897.086434,6930561532.880286
655,4,8,6909.086434,6942629975.827084
655,4,8,6921.086434,6954551539.980377
655,4,8,6933.086434,6966618205.825716
655,4,8,6945.086434,6978649821.092237
655,4,8,6957.086434,6990747210.603534
655,4,8,6969.086434,7002645488.694277
655,4,8,6981.086434,7014592809.000999
655,4,8,6993.086434,7026736113.488154
655,4,8,7005.086434,7038622721.101694
655,4,8,7017.086434,7050694461.701212
655,4,8,7029.086434,7062620305.412175
655,4,8,7041.086434,7074581980.140870
655,4,8,7053.086434,7086634374.650169
655,4,8,7065.086434,7098713991.720430
655,4,8,7077.086434,7110811815.011621
655,4,8,7089.086434,7122952838.919661
655,4,8,7101.086434,7134907679.899693
655,4,8,7113.086434,7146827584.327750
655,4,8,7125.086434,7158944753.940020
655,4,8,7137.086434,7170841498.709189
655,4,8,7149.086434,7182840206.963264
655,4,8,7161.086434,7194935784.434312
655,4,8,7173.086434,7206825432.975337
655,4,8,7185.086434,7218773220.777296
655,4,8,7197.086434,7230739425.451551
655,4,8,7209.086434,7242523125.175744
655,4,8,7221.086434,7254581554.360230
655,4,8,7233.086434,7266408500.698655
655,4,8,7245.086434,7278295068.211363
655,4,8,7257.086434,7290109464.557714
655,4,8,7269.086434,7302033788.294231
655,4,8,7281.086434,7314137808.687464
655,4,8,7293.086434,7326235271.277463
655,4,8,7305.086434,7338278041.090716
655,4,8,7317.086434,7350270700.443136
655,4,8,7329.086434,7362282059.242402
655,4,8,7341.086434,7374344285.016936
655,4,8,7353.086434,7386069732.314275
655,4,8,7365.086434,7398079470.920435
655,4,8,7377.086434,7410029102.467240
655,4,8,7389.086434,7421930215.461175
655,4,8,7401.086434,7433900644.817832
655,4,8,7413.086434,7445809190.947690
655,4,8,7425.086434,7457876251.994815
655,4,8,7437.086434,7469759393.431797
655,4,8,7449.086434,7481683288.422889
655,4,8,7461.086434,7493579914.800394
655,4,8,7473.086434,7505469511.167654
655,4,8,7485.086434,7517366323.184901
655,4,8,7497.086434,7529441978.057404
655,4,8,7509.086434,7541619037.375710
655,4,8,7521.086434,7553696508.887894
655,4,8,7533.086434,7565518437.912512
655,4,8,7545.086434,7577476868.041471
655,4,8,7557.086434,7589625352.630845
655,4,8,7569.086434,7601578476.169944
655,4,8,7581.086434,7613572192.648650
655,4,8,7593.086434,7625733289.768948
655,4,8,7605.086434,7638034223.014860
655,4,8,7617.086434,7650071316.400513
655,4,8,7629.086434,7662167571.837802
655,4,8,7641.086434,7674427035.665535
655,4,8,7653.086434,7686447751.149409
655,4,8,7665.086434,7698276160.558823
655,4,8,7677.086434,7710308023.719588
655,4,8,7689.086434,7722221101.912516
655,4,8,7701.086434,7734196016.393768
655,4,8,7713.086434,7745998679.195209
655,4,8,7725.086434,7758033803.834550
655,4,8,7737.086434,7770133589.895317
655,4,8,7749.086434,7782220701.455409
655,4,8,7761.086434,7794121769.466701
655,4,8,7773.086434,7806090255.440156
655,4,8,7785.086434,7817934176.646554
655,4,8,7797.086434,7829782795.492311
655,4,8,7809.086434,7841878732.361274
655,4,8,7821.086434,7853909682.007091
655,4,8,7833.086434,7865809876.395781
655,4,8,7845.086434,7877928744.201159
655,4,8,7857.086434,7889950219.160350
655,4,8,7869.086434,7901914788.663127
655,4,8,7881.086434,7913967119.873817
655,4,8,7893.086434,7925805908.187328
655,4,8,7905.086434,7937753178.804399
655,4,8,7917.086434,7949842860.162789
655,4,8,7929.086434,7961824953.874429
655,4,8,7941.086434,7973721719.788203
655,4,8,7953.086434,7985661242.353071
655,4,8,7965.086434,7997589403.632220
655,4,8,7977.086434,8009695367.020657
655,4,8,7989.086434,8021777899.414250
655,4,8,8001.086434,8033937347.387799
655,4,8,8013.086434,8045915881.908627
655,4,8,8025.086434,8057729049.416653
655,4,8,8037.086434,8069855545.896297
655,4,8,8049.086434,8081729708.579459
655,4,8,8061.086434,8093764287.042639
655,4,8,8073.086434,8105735097.515650
655,4,8,8085.086434,8117521348.112139
655,4,8,8097.086434,8129468422.833410
655,4,8,8109.086434,8141407336.891859
655,4,8,8121.086434,8153386129.850689
655,4,8,8133.086434,8165295017.620468
655,4,8,8145.086434,8177258936.450705
655,4,8,8157.086434,8189245968.908311
655,4,8,8169.086434,8201229894.114229
655,4,8,8181.086434,8213160096.973231
655,4,8,8193.086434,8225157264.476853
655,4,8,8205.086434,8237299125.026961
655,4,8,8217.086434,8249467319.730258
655,4,8,8229.086434,8261447089.261354
655,4,8,8241.086434,8273501264.039275
655,4,8,8253.086434,8285469976.727187
655,4,8,8265.086434,8297453928.184065
655,4,8,8277.086434,8309487529.808529
655,4,8,8289.086434,8321570301.068130
655,4,8,8301.086434,8333405397.922204
655,4,8,8313.086434,8345335913.388857
655,4,8,8325.086434,8357384715.442692
655,4,8,8337.086434,8369398466.758926
655,4,8,8349.086434,8381390663.172761
655,4,8,8361.086434,8393539717.250261
655,4,8,8373.086434,8405303045.778691
655,4,8,8385.086434,8417553403.361476
655,4,8,8397.086434,8429739695.923729
655,4,8,8409.086434,8441753599.998344
655,4,8,8421.086434,8453624938.955202
655,4,8,8433.086434,8465473250.916246
655,4,8,8445.086434,8477300590.500271
655,4,8,8457.086434,8489408874.549387
655,4,8,8469.086434,8501375166.442453
655,4,8,8481.086434,8513403832.447302
655,4,8,8493.086434,8525414042.442731
655,4,8,8505.086434,8537369694.870369
655,4,8,8517.086434,8549252508.389667
655,4,8,8529.086434,8561330108.884759
655,4,8,8541.086434,8573330897.400282
655,4,8,8553.086434,8585524893.730607
655,4,8,8565.086434,8597438068.443493
655,4,8,8577.086434,8609459355.868313
655,4,8,8589.086434,8621408281.671867
655,4,8,8601.086434,8633463444.183619
655,4,8,8613.086434,8645519902.430590
655,4,8,8625.086434,8657457393.288074
655,4,8,8637.086434,8669451681.918797
655,4,8,8649.086434,8681301828.882315
655,4,8,8661.086434,8693304861.197392
655,4,8,8673.086434,8701352016.784584
656,4,7,681.742722,451534740.664243
657,4,6,685.541191,1011151854.834780
658,4,8,686.118363,356742351.513877
659,4,6,686.272825,1013136486.336642
660,4,7,686.932715,451552032.062278
661,4,7,687.326462,451641986.414282
662,4,7,687.631392,453650424.611223
663,4,5,687.990269,720954365.005831
664,4,8,691.771284,357342042.957765
665,4,5,693.421629,721056907.327352
666,4,7,693.820629,453674248.281134
667,4,6,694.882316,1033239651.699865
668,4,8,697.596028,372184944.930224
669,4,6,699.557079,1033265506.114613
670,4,8,699.639247,375044791.427903
671,4,6,701.145874,1047272665.584459
672,4,8,702.113157,377778945.912515
673,4,8,702.647566,380635359.670360
674,4,7,704.435456,456487151.839105
675,4,6,708.072134,1047292491.226557
676,4,5,708.441566,721081742.350898
677,4,8,708.712924,394774834.041063
678,4,7,709.050223,459297248.672759
679,4,6,711.609970,1049248129.679069
680,4,7,712.137926,462152861.418114
681,4,7,712.215344,462711568.659281
682,4,7,712.288240,464685575.525718
683,4,7,713.131173,467493508.784204
684,4,6,713.812452,1063281101.370766
685,4,7,713.997269,475443221.292690
686,4,7,714.081481,483477503.535587
687,4,5,714.589581,723071325.994551
688,4,6,714.912771,1063380498.194590
689,4,6,715.567974,1071325119.652105
690,4,7,716.279658,485451001.552416
691,4,5,718.103407,723698240.556860
692,4,5,718.127581,726432011.675716
693,4,7,718.682079,485479767.540813
694,4,8,719.979443,418782614.849430
694,4,8,731.979443,452331621.643204
694,4,8,743.979443,477004910.182578
694,4,8,755.979443,502924059.206765
694,4,8,767.979443,540923767.828237
694,4,8,779.979443,585020177.717491
694,4,8,791.979443,619143231.242587
695,4,8,720.611632,420778463.384648
696,4,7,720.970369,485499843.166106
697,4,8,721.375260,423604490.826555
698,4,5,723.703855,729173651.451434
699,4,7,724.303992,488286345.369750
700,4,8,724.797080,426364968.957267
701,4,8,725.200599,428344397.136968
702,4,5,725.903543,729268049.103989
703,4,6,726.462889,1083294837.952565
704,4,8,726.992408,428371586.577326
705,4,6,727.810408,1083319583.009893
706,4,7,729.699448,488366582.812638
707,4,5,730.388056,729293066.338513
708,4,7,730.700900,491216480.467279
709,4,5,734.153710,737184216.200737
710,4,6,737.117620,1095569058.179631
711,4,5,737.767586,737253921.144948
712,4,7,738.905015,491307165.458797
713,4,7,742.255723,493203498.603780
714,4,8,743.661639,464864718.463793
715,4,7,745.894880,495161420.702161
716,4,6,746.854682,1095596325.165541
717,4,5,747.449198,739285235.474955
718,4,7,747.964754,498008384.196149
719,4,7,748.457231,498038652.124850
720,4,7,748.524171,506173695.054038
721,4,7,748.782902,506197369.015046
722,4,6,749.450092,1108053678.125093
723,4,6,750.170238,1108077398.498534
724,4,5,750.600824,739310067.847272
725,4,8,750.961800,477118951.059186
726,4,6,751.859422,1108107887.808402
727,4,6,752.579222,1108132874.787536
728,4,5,753.313644,739895921.562065
729,4,7,753.655501,508950735.711859
730,4,5,754.282489,747750700.720128
731,4,8,755.567502,490874111.453318
732,4,7,756.069140,511776051.719781
733,4,7,757.341735,511800107.813287
734,4,6,757.693608,1108162006.300725
735,4,7,758.327563,511902804.199184
736,4,6,758.391298,1110952912.408527
737,4,8,759.837756,505729838.487593
738,4,5,760.720868,747770043.580512
739,4,8,761.235909,505758801.505110
740,4,8,761.480529,513825104.744788
741,4,8,761.563636,513848550.993006
742,4,8,761.947108,516644666.349475
743,4,5,762.144124,747793469.912877
744,4,6,762.783895,1124871677.830579
745,4,5,764.252399,749806794.183684
746,4,8,766.192537,528782539.311795
747,4,5,766.298430,752640160.959875
748,4,5,767.679052,752730578.222380
749,4,6,768.107508,1126842678.011414
750,4,5,773.443401,755606051.445230
751,4,8,773.509609,552775169.211523
751,4,8,785.509609,598865792.695227
751,4,8,797.509609,639647576.770686
751,4,8,809.509609,675648933.379347
751,4,8,821.509609,706416568.708691
752,4,7,774.799310,514654213.135489
753,4,8,774.951569,560799734.719005
754,4,7,776.228369,514744818.957850
755,4,6,776.277107,1138736311.884205
756,4,7,776.956706,517564753.372809
757,4,7,779.052686,517597905.472197
758,4,7,779.928614,518156761.309757
759,4,5,780.281765,757638748.580114
760,4,5,781.110752,760477272.803232
761,4,5,783.338797,760574540.586381
762,4,8,783.605142,587084603.593286
763,4,8,785.909072,598965831.855875
764,4,6,786.727181,1153470657.125409
765,4,6,787.792620,1165430659.469738
765,4,6,799.792620,1183509059.975896
765,4,6,811.792620,1199973841.837849
765,4,6,823.792620,1214706038.595888
765,4,6,835.792620,1227438008.906375
766,4,7,789.006427,518181848.383271
767,4,5,789.283999,760663734.768159
768,4,5,790.367202,763512358.582479
769,4,8,791.473569,610948107.128431
770,4,6,794.363030,1165459902.174140
771,4,8,794.919580,621971619.281449
772,4,8,795.642597,624747398.491199
773,4,8,797.239701,627544105.373290
774,4,8,799.407103,651683780.631584
774,4,8,811.407103,686719576.474288
775,4,6,799.433090,1171573738.616301
776,4,5,799.578567,765460630.644752
777,4,8,800.288167,651703701.354232
778,4,6,801.289485,1184119780.395449
779,4,6,801.506507,1186185366.891271
780,4,5,803.325409,765483109.287560
781,4,5,805.160620,767407635.443663
782,4,8,808.012721,663725913.594410
783,4,8,809.914844,678581293.760899
784,4,8,810.673914,678663370.912030
785,4,5,811.639899,775479471.285468
786,4,6,811.763531,1188090382.611560
787,4,8,812.621238,689489690.621088
788,4,5,813.507368,777532532.156024
789,4,5,813.936161,779531832.961591
790,4,5,815.112754,781513954.778372
791,4,7,817.923793,520113740.622255
792,4,8,818.129076,701666368.355494
793,4,5,818.237043,781534373.026949
794,4,8,818.320977,701693167.304075
795,4,8,818.424985,701792647.685614
796,4,6,818.686289,1202766910.515879
797,4,8,820.453573,703844893.345959
798,4,5,821.011417,781616053.679909
799,4,8,824.472244,706449608.772725
800,4,6,824.691311,1214725764.602443
801,4,8,825.340988,720371955.765402
802,4,8,825.489927,720394887.349209
803,4,5,826.772950,784454787.687148
804,4,5,826.912794,786357228.166883
805,4,8,827.445760,723197937.565547
806,4,5,828.389494,788346500.645270
807,4,5,828.597878,796415216.789469
808,4,5,829.240959,797002590.918792
809,4,6,829.302971,1222910961.505321
810,4,8,830.170381,726021804.189113
811,4,6,830.715345,1224882306.430006
812,4,8,831.004168,726094966.149448
813,4,5,831.131111,797022464.193227
814,4,6,832.215570,1224902703.756414
815,4,8,833.878680,738049294.114935
815,4,8,845.878680,771962577.602967
815,4,8,857.878680,808837057.426269
815,4,8,869.878680,832978290.851351
815,4,8,881.878680,857697655.937236
816,4,7,834.175570,520129909.680867
817,4,7,834.505576,520221973.089593
818,4,5,834.634362,805044067.606304
819,4,8,837.253453,752104111.323852
820,4,8,837.595783,760132840.441558
821,4,5,837.724685,805070229.995851
822,4,6,838.748062,1230123433.285190
823,4,6,841.157641,1230732395.124165
824,4,7,842.983811,522250768.107517
825,4,5,843.858969,807920195.430262
826,4,5,846.197922,808041182.600101
827,4,6,846.591420,1230751483.161179
828,4,6,847.166586,1230771622.006359
829,4,6,847.373553,1232782213.432807
830,4,6,847.503443,1235431845.079572
831,4,6,847.765639,1238227524.575498
832,4,8,848.219446,772073198.694716
833,4,6,848.328676,1238303596.376795
834,4,8,848.458314,780260293.714640
835,4,8,849.178893,794978336.288932
836,4,5,851.358636,808065592.521479
837,4,5,852.332862,808170067.870710
838,4,5,853.293576,808196950.479238
839,4,8,853.668156,797016924.808997
840,4,7,855.774027,522270405.228891
841,4,5,858.340294,810197561.811891
842,4,8,860.283095,808938235.969475
843,4,6,861.021991,1240271819.663358
844,4,6,861.366472,1242296512.639616
845,4,6,862.801875,1244281716.231600
846,4,5,863.741008,812228159.324640
847,4,5,863.765423,812253457.610354
848,4,8,864.229418,820974475.469625
849,4,6,864.613319,1246303377.608058
850,4,6,864.709070,1246340959.708476
851,4,7,865.724076,522292331.560761
852,4,8,865.875814,821000124.181778
853,4,6,866.106136,1258587167.638385
853,4,6,878.106136,1269576687.814218
854,4,5,866.952730,814348091.030851
855,4,7,869.563051,522904514.132679
856,4,5,870.258941,822454721.793916
857,4,7,870.984874,522936810.379506
858,4,8,871.781750,833066576.327580
859,4,6,872.475583,1258609968.134505
860,4,6,872.775663,1261440784.373845
861,4,8,872.845181,833151225.888215
862,4,8,874.048748,853122418.446634
863,4,8,875.971558,855151520.710238
864,4,8,878.178665,855176697.534814
865,4,6,880.700376,1277503299.451163
866,4,7,880.728286,522955155.712772
867,4,7,881.624339,524933533.961084
868,4,8,883.058101,859693436.488043
869,4,8,883.095637,859770434.703460
870,4,6,883.277790,1277531676.343512
871,4,8,884.896875,861756980.347691
872,4,6,886.941092,1285381607.758791
873,4,7,888.569165,532952731.756326
874,4,7,889.650569,544886703.239140
874,4,7,901.650569,570919100.082750
874,4,7,913.650569,597761274.418751
874,4,7,925.650569,627171137.318204
874,4,7,937.650569,646768047.500898
875,4,8,890.202774,873888466.985384
876,4,6,891.023145,1288184486.038386
877,4,7,891.558136,544965508.695486
878,4,8,892.395437,873916624.894835
879,4,6,893.394559,1290127199.858404
880,4,7,894.356064,556955522.882024
880,4,7,906.356064,582815427.577244
880,4,7,918.356064,613192611.361729
880,4,7,930.356064,641283390.183441
880,4,7,942.356064,651422059.690489
881,4,6,894.866669,1290677090.636796
882,4,5,895.711866,834391586.620082
882,4,5,907.711866,846706917.929748
883,4,6,897.617103,1293467699.320101
884,4,7,898.017287,556978787.675427
885,4,8,898.021897,887816746.890583
886,4,6,898.381338,1293548787.632222
887,4,7,899.290802,556996063.793265
888,4,7,899.454170,559005658.130423
889,4,5,899.653198,836381493.896922
890,4,5,899.884648,836406309.172766
891,4,6,900.867481,1293572228.250675
892,4,8,905.512652,889865122.583011
893,4,5,906.247083,838371457.530347
894,4,6,906.694843,1301673734.390093
895,4,7,907.131032,582838381.687159
896,4,7,907.569695,585629995.195475
897,4,5,907.794046,848716714.370492
898,4,6,908.768591,1301756617.444386
899,4,7,909.796731,585654386.683257
900,4,5,910.739621,851522617.952521
901,4,6,911.835317,1303712095.932752
902,4,5,912.201193,859456440.037440
903,4,7,914.132922,600581210.293054
904,4,5,915.365550,859483667.020496
905,4,8,915.770731,901980611.005133
906,4,8,915.928128,901998530.136880
907,4,7,917.084267,601222526.085318
908,4,7,919.021220,615200453.363582
909,4,8,919.528304,903992269.010520
910,4,6,924.715403,1306602766.527309
911,4,5,924.797883,861488123.157101
912,4,8,925.760336,916117947.294765
913,4,5,926.420955,863509128.488084
914,4,7,927.486745,627201048.813518
915,4,6,928.818046,1306699065.016577
916,4,5,930.052479,865525622.105493
917,4,7,930.234423,629258745.243891
918,4,5,932.318751,865557289.212483
919,4,6,932.773481,1309493446.702760
920,4,7,935.795610,644116210.260936
921,4,5,936.576396,865585056.565289
922,4,5,937.552393,867653823.831456
923,4,6,939.411107,1312291796.398052
924,4,7,939.691012,648758007.364403
925,4,7,940.097518,648783644.032943
926,4,8,944.560268,930041417.074738
927,4,8,944.789831,930142594.520092
928,4,7,945.368018,653443830.608812
929,4,5,946.610543,875739601.514275
930,4,5,947.488671,878599712.018237
931,4,6,948.626197,1314323277.703514
932,4,7,949.290581,655433229.933054
933,4,7,949.620259,663573230.646557
934,4,8,949.792182,945011147.069202
935,4,5,951.253651,880548172.414436
936,4,7,952.019354,663596184.656754
937,4,7,953.004568,663616054.203897
938,4,7,955.999439,666437289.191431
939,4,7,958.605154,666516213.103810
940,4,6,960.202420,1314414606.970449
941,4,6,960.771259,1314436323.148472
942,4,6,960.955754,1317257395.529485
943,4,6,961.817196,1317280958.006179
944,4,5,961.992087,880576303.439657
945,4,6,963.219521,1317302041.293648
946,4,6,964.927698,1319270935.130300
947,4,8,965.956246,959916205.094370
948,4,7,966.024407,674476526.684386
949,4,5,966.553025,883418418.427445
950,4,5,967.549874,885417083.959549
951,4,5,968.319775,885435942.221082
952,4,7,968.785260,682552968.614261
953,4,8,968.842410,959937502.062496
954,4,5,969.744339,897193920.752347
954,4,5,981.744339,922181512.792473
954,4,5,993.744339,934146210.310930
954,4,5,1005.744339,954141880.460569
954,4,5,1017.744339,966241234.614991
954,4,5,1029.744339,978131922.335100
954,4,5,1041.744339,990167260.871717
954,4,5,1053.744339,1002319186.765929
954,4,5,1065.744339,1014217057.089975
954,4,5,1077.744339,1026186821.955773
954,4,5,1089.744339,1033557262.732963
955,4,5,972.730485,897227574.087213
956,4,5,973.540503,897244611.482113
957,4,5,974.058140,900086610.975629
958,4,5,974.348077,908094181.808116
959,4,6,974.494061,1321333017.371956
960,4,5,976.526443,908189622.718374
961,4,5,978.784252,908208213.855410
962,4,5,979.191757,910237592.712895
963,4,6,979.374025,1323457121.217872
964,4,6,979.916539,1325519753.543834
965,4,6,980.334188,1327504831.248337
966,4,6,980.352319,1330313711.090831
967,4,5,984.320065,922205166.365418
968,4,7,984.401847,685327248.058534
969,4,8,986.038251,986859193.570186
970,4,6,986.071060,1330390874.112164
971,4,5,986.719095,922230387.837145
972,4,8,987.996371,989661967.109865
973,4,5,988.325160,922253263.763547
974,4,8,988.852016,990296928.846994
975,4,7,989.029849,685347668.689237
976,4,7,989.210542,685367807.803483
977,4,7,989.626228,687369542.261261
978,4,7,989.940325,687456802.298972
979,4,6,990.381894,1330456348.116612
980,4,6,991.433063,1332406145.974137
981,4,8,992.058783,993166052.331167
982,4,8,992.468034,1001191491.231832
983,4,7,993.596810,689399124.551983
984,4,6,993.737006,1335154792.674377
985,4,7,994.552614,689490912.436251
986,4,6,994.638207,1337100214.435392
987,4,8,995.923146,1013204874.008228
988,4,8,995.972595,1015238607.644958
989,4,5,998.116146,942005596.381253
990,4,6,998.993198,1337675021.848810
991,4,5,999.171876,942035158.217831
992,4,8,999.210060,1023159772.687399
993,4,8,1000.309888,1025211003.717940
